Candidate Name,Party,Riding,Facebook Page,Twitter Handle,Facebook Spend,Twitter Spend
Ghada Alatrash,Liberal,CALGARY SIGNAL HILL,,ghadaalatrash,684,5172
John Aldag,Liberal,CLOVERDALE–LANGLEY CITY,JohnAldagLPC,jwaldag,713,742
Omar Alghabra,Liberal,MISSISSAUGA CENTRE,oalghabra,OmarAlghabra,261,3455
Jordan Ames-Sinclair,Liberal,REGINA–QU'APPELLE,libs.ames.sinc,JordanQuAppelle,8459,50
Will Amos,Liberal,PONTIAC,willamoscanada,WillAAmos,2102,992
Anita Anand,Liberal,OAKVILLE,AnitaOakville,anitaoakville,6275,2418
Jagdish Anand,Liberal,CALGARY FOREST LAWN,DrJagAnand,,70,6629
Gary Anandasangaree,Liberal,SCARBOROUGH–ROUGE PARK,garyforsrp,gary_srp,8167,2475
Pam Armstrong,Liberal,ELGIN–MIDDLESEX–LONDON,PamArmstrongEML2019,,7373,4860
Del Arnold,Liberal,CALGARY SHEPARD,,,117,360
René Arseneault,Liberal,MADAWASKA–RESTIGOUCHE,ReneArseneaultcandidatLiberal,,161,1347
Chandra Arya,Liberal,NEPEAN,ChandraNepean,ChandraNepean,482,6934
Ramez Ayoub,Liberal,THÉRÈSE-DE BLAINVILLE,ramez.ayoub,RamezAyoub,872,173
Vance Badawey,Liberal,NIAGARA CENTRE,vbadawey,VBadawey,2046,546
Sara Badiei,Liberal,PORT MOODY–COQUITLAM,sarabadiei,sarabadiei,398,4253
Larry Bagnell,Liberal,YUKON,LarryBagnellYT,LarryBagnell,302,6544
Navdeep Bains,Liberal,MISSISSAUGA–MALTON,NavdeepSinghBains,NavdeepSBains,365,3779
Yvan Baker,Liberal,ETOBICOKE CENTRE,yvanbaker,Yvan_Baker,1371,23
Lesley Barron,Liberal,WELLINGTON–HALTON HILLS,drlesleybarron,drlesleybarron_,882,4
Jaime Battiste,Liberal,SYDNEY–VICTORIA,votebattiste,jaimebattiste,179,7013
Fred Beauchemin,Liberal,TERREBONNE,,,6203,7326
Terry Beech,Liberal,BURNABY NORTH–SEYMOUR,terryjamesbeech,terrybeech,6020,1212
Rachel Bendayan,Liberal,OUTREMONT,bendayan.rachel,RachelBendayan,2591,510
Josh Bennett,Liberal,LEEDS-GRENVILLE-THOUSAND ISLANDS AND RIDEAU LAKES,,,904,1863
Carolyn Bennett,Liberal,TORONTO–ST. PAUL'S,carolyn.bennett.stpauls,Carolyn_Bennett,6229,856
Isabelle Bergeron,Liberal,ABITIBI–BAIE-JAMES–NUNAVIK–EEYOU,bergeronplc,,2125,554
Lyne Bessette,Liberal,BROME–MISSISQUOI,LyneBessetteBM,,7920,8742
Marie-Claude Bibeau,Liberal,COMPTON–STANSTEAD,mclaudebibeau,mclaudebibeau,2173,3901
Ian Bingham,Liberal,NIAGARA WEST,ianbinghamliberal,liberalbingham,488,1914
Dave Birdi,Liberal,SKEENA–BULKLEY VALLEY,Dave-Birdi-Liberal-MP-Candidate-for-Skeena-Bulkley-Valley-100363167979746,,402,1652
Chris Bittle,Liberal,ST. CATHARINES,ChrisBittleMP,Chris_Bittle,662,2768
Bill Blair,Liberal,SCARBOROUGH SOUTHWEST,williamsterlingblair,BillBlair,7496,2686
Kody Blois,Liberal,KINGS–HANTS,KodyBloisNS,,1939,3925
Michelle Boileau,Liberal,TIMMINS–JAMES BAY,MichelleBoileauTJB,MicheBoileau,4965,2852
Randy Boissonnault,Liberal,EDMONTON CENTRE,R.Boissonnault,R_Boissonnault,4516,2384
Mike Bossio,Liberal,HASTINGS–LENNOX AND ADDINGTON,mike.bossio.liberal,MikeBossio,8800,510
Michel Bourgeois,Liberal,JOLIETTE,Michel.Bourgeois.Joliette,,985,1229
Neelam Brar,Liberal,BURNABY SOUTH,,,406,573
Bob Bratina,Liberal,HAMILTON EAST–STONEY CREEK,BratinaHESC,BobBratina,1986,3547
Pierre Breton,Liberal,SHEFFORD,PierreBretonPLC,pierrebretonplc,102,1658
Élisabeth Brière,Liberal,SHERBROOKE,,,31,788
Ronald Brochu,Liberal,STURGEON RIVER–PARKLAND,,,4241,72
Amy Bronson,Liberal,LETHBRIDGE,AmyBronsonCampaign,AmyBronson,5808,5374
Antoine Bujold,Liberal,BEAUPORT–LIMOILOU,AntoineBujoldPLC,AntoineBujold,4661,789
Tracy Calogheros,Liberal,CARIBOO–PRINCE GEORGE,tracycalogheros,TracyCalogheros,3929,3425
Jim Carr,Liberal,WINNIPEG SOUTH CENTRE,JimCarrWSC,jimcarr_wpg,215,30
Sean Casey,Liberal,CHARLOTTETOWN,SeanCaseyCharlottetown,SeanCaseyLPC,4774,2107
Bardish Chagger,Liberal,WATERLOO,bardish.chagger,BardishKW,222,2625
Simon Chalifoux,Liberal,PIERRE-BOUCHER–LES PATRIOTES–VERCHÈRES,simonchalifouxplc,SChalifouxPLC,6271,2892
François-Philippe Champagne,Liberal,SAINT-MAURICE–CHAMPLAIN,FPChampagneSMC,FP_Champagne,456,2066
Tariq Chaudary,Liberal,EDMONTON RIVERBEND,TariqChaudaryYEG,Tariq_Chaudary,1887,631
Shaun Chen,Liberal,SCARBOROUGH NORTH,ShaunChenMP,Shaun_Chen,3452,4573
René-Paul Coly,Liberal,CHARLESBOURG–HAUTE-SAINT-CHARLES,,,924,3981
Tammy Cook-Searson,Liberal,DESNETHÉ–MISSINIPPI–CHURCHILL RIVER,TammyCookSearson,ChiefTammy,35,1103
Michelle Corfield,Liberal,NANAIMO–LADYSMITH,MichelleCorfieldLPC,micorfield,5576,429
Serge Cormier,Liberal,ACADIE–BATHURST,sergecormier.acadiebathurst,sergecormierlib,625,5054
Trisha Cowie,Liberal,PARRY SOUND–MUSKOKA,TrishaCowiePSMFL,trishacowie,3618,6614
Julie Dabrusin,Liberal,TORONTO–DANFORTH,JulieDabrusinTorontoDanforth,juliedabrusin,2387,956
Ghislain Daigle,Liberal,LÉVIS–LOTBINIÈRE,,,4752,3600
Pam Damoff,Liberal,OAKVILLE NORTH–BURLINGTON,PamDamoff,PamDamoff,1721,1555
Will Davis,Liberal,NEW WESTMINSTER–BURNABY,willdaviscanada,willdaviscanada,5018,2013
Matt DeCourcey,Liberal,FREDERICTON,mattdecourceyfredericton,MattDeCourcey,215,808
Kyle Demes,Liberal,VANCOUVER EAST,,phykophile,160,3387
Michael Den Tandt,Liberal,BRUCE–GREY–OWEN SOUND,mdentandt,mdentandt,8642,1113
Connie Denesiuk,Liberal,SOUTH OKANAGAN–WEST KOOTENAY,ConnieDenesiukFLP,ConnieGDenesiuk,2611,3696
Cindy Derkaz,Liberal,NORTH OKANAGAN–SHUSWAP,cindy.derkaz,CDerkaz,1866,993
Jason Deveau,Liberal,WEST NOVA,jasondeveauforwestnova,,4436,5354
Sukh Dhaliwal,Liberal,SURREY–NEWTON,sukhsinghdhaliwal,sukhdhaliwal,5089,7795
Anju Dhillon,Liberal,DORVAL–LACHINE–LASALLE,anjudhillonDLL,adhillonDLL,6699,3743
Han Dong,Liberal,DON VALLEY NORTH,,,90,1319
Francis Drouin,Liberal,GLENGARRY–PRESCOTT–RUSSELL,FrancisDrouinGPR,Francis_Drouin,3378,3993
Emmanuel Dubourg,Liberal,BOURASSA,dubourgemmanuel,EmmanuelDubourg,3846,1047
Jean-Yves Duclos,Liberal,QUÉBEC,jyduclosliberal,jyduclos,2546,4226
Terry Duguid,Liberal,WINNIPEG SOUTH,terryduguidmp,TerryDuguid,3397,1036
Kirsty Duncan,Liberal,ETOBICOKE NORTH,KirstyDuncanMP,KirstyDuncanMP,8144,340
Julie Dzerowicz,Liberal,DAVENPORT,juliedzerowicz,JulieDzerowicz,132,4618
Wayne Easter,Liberal,MALPEQUE,wayneeaster1,WayneEaster,185,1345
Ali Ehsassi,Liberal,WILLOWDALE,ali.ehsassi,AliEhsassi,807,8737
Faycal El-Khoury,Liberal,LAVAL–LES ÎLES,faycalelkhoury2019,F_ElKhoury,1177,1154
Neil Ellis,Liberal,BAY OF QUINTE,neilrellis,NeilREllis,195,971
Nathaniel Erskine-Smith,Liberal,BEACHES–EAST YORK,beynate,beynate,1935,1235
Doug Eyolfson,Liberal,CHARLESWOOD–ST. JAMES–ASSINIBOIA–HEADINGLEY,DougEyolfson,DougEyolfson,2199,7640
Maggie Farrington,Liberal,FORT MCMURRAY–COLD LAKE,,,15,6055
Marc Faubert,Liberal,SALABERRY–SUROÎT,marcfaubertplc,,133,705
Winter Fedyk,Liberal,REGINA–LEWVAN,winterfedyk,winterfedyk,3751,5743
Greg Fergus,Liberal,HULL–AYLMER,GregFergusLiberal,GregFergus,1440,2741
Audrey Festeryga,Liberal,ESSEX,AudreyForEssex,AudreyFesteryga,3616,8214
Andy Fillmore,Liberal,HALIFAX,AndyFillmoreHFX,AndyFillmoreHFX,5228,3675
Pat Finnigan,Liberal,MIRAMICHI–GRAND LAKE,PatMiramichiGrandLake,PatFinniganMP,1392,1440
Darren Fisher,Liberal,DARTMOUTH–COLE HARBOUR,DarrenFisherNS,DarrenFisherNS,157,582
Michele Fisher,Liberal,DUFFERIN–CALEDON,,MicheleFisherDC,1141,513
Peter Fonseca,Liberal,MISSISSAUGA EAST–COOKSVILLE,PeterFonsecaMP,PeterFonsecaMP,167,1635
Judi Forbes,Liberal,HALIBURTON–KAWARTHA LAKES–BROCK,forbeshklb,forbeshklb,3019,1171
Scott Forsyth,Liberal,CALGARY HERITAGE,,,6153,2990
Mona Fortier,Liberal,OTTAWA–VANIER,EquipeTeamMona,MonaFortier,205,1310
Manon Fortin,Liberal,BEAUPORT-CÔTE-DE-BEAUPRÉ-ÎLE D'ORLÉANS-CHARLEVOIX,,,268,1620
Peter Fragiskatos,Liberal,LONDON NORTH CENTRE,pfragiskatos,pfragiskatos,3121,197
Sean Fraser,Liberal,CENTRAL NOVA,SeanFraserMP,SeanFraserMP,2015,2798
Chrystia Freeland,Liberal,UNIVERSITY–ROSEDALE,freelandchrystia,cafreeland,550,106
Hedy Fry,Liberal,VANCOUVER CENTRE,drhedyfry,HedyFry,1199,2289
Stephen Fuhr,Liberal,KELOWNA–LAKE COUNTRY,fuhr19,FuhrMP,2038,5452
Florence Gagnon,Liberal,RIVIÈRE-DU-NORD,florencegagnonplc,FlorenceGagnon_,4627,337
Marc Garneau,Liberal,NOTRE-DAME-DE-GRÂCE–WESTMOUNT,marcgarneaump,MarcGarneau,3081,1906
Mark Gerretsen,Liberal,KINGSTON AND THE ISLANDS,markgerretsen,MarkGerretsen,2293,1472
Jonathan Giancroce,Liberal,DURHAM,jgiancroce,,3740,464
Gary Gladstone,Liberal,THORNHILL,VoteGladstone,Vote_Gladstone,900,104
Robin Goldsbury,Liberal,KOOTENAY–COLUMBIA,GoldsburyR,,6897,467
Ralph Goodale,Liberal,REGINA–WASCANA,ralphgoodale,RalphGoodale,894,5727
Karina Gould,Liberal,BURLINGTON,karina.gould,karinagould,2040,2141
Jonah Gowans,Liberal,COURTENAY–ALBERNI,,,1641,176
David Graham,Liberal,LAURENTIDES–LABELLE,daviddebgraham,daviddbgraham,7670,301
Steven Guilbeault,Liberal,LAURIER–SAINTE-MARIE,steven.guilbeault,s_guilbeault,4381,891
Patty Hajdu,Liberal,THUNDER BAY–SUPERIOR NORTH,PattyHajdu,PattyHajdu,3938,520
Marie-Chantal Hamel,Liberal,BELOEIL–CHAMBLY,MarieChantalHamelPLC,HamelMarieC,413,4462
Jamie Hammond,Liberal,ESQUIMALT–SAANICH–SOOKE,JamieHammondESS,JamieHammondESS,336,188
Mohamed Hammoud,Liberal,LONDON–FANSHAWE,MohamedHammoudLF,VoteMohamed,1505,1544
Ken Hardie,Liberal,FLEETWOOD–PORT KELLS,KenHardieLib,KenHardie,2589,2816
Laurence Harvey,Liberal,BELLECHASSE–LES ETCHEMINS–LÉVIS,LaurenceHarveyPLC,Laurence_Harv,571,6081
Gerry Hawes,Liberal,SIMCOE NORTH,GerryHawesLiberal,hawes_gerry,1855,924
Susan Hayton,Liberal,SASKATOON–UNIVERSITY,ElectSusanHayton,,1354,41
Réjean Hébert,Liberal,LONGUEUIL–SAINT-HUBERT,RejeanHebertPLC,,1247,17
Richard Hébert,Liberal,LAC-SAINT-JEAN,richard.hebertLSJ,RHebertPLC,256,658
Seamus Heffernan,Liberal,ABBOTSFORD,,,1815,3677
Kent Hehr,Liberal,CALGARY CENTRE,,kenthehr,784,673
Blair Herbert,Liberal,COWICHAN–MALAHAT–LANGFORD,,,3107,5654
Geneviève Hinse,Liberal,ROSEMONT–LA PETITE-PATRIE,GenevieveHinsePLC,GenevieveHinse,291,2088
Estelle Hjertaas,Liberal,PRINCE ALBERT,estellehjertaasPA,ehjertaas,4493,1336
Alan Ho,Liberal,MARKHAM–UNIONVILLE,,alanhomarkham,1347,5962
Jeremy Hoefsloot,Liberal,YELLOWHEAD,,JeremyHoef,3888,30
Gordon Hogg,Liberal,SOUTH SURREY–WHITE ROCK,gordiehogg,GordieHogg,7353,2536
Mark Holland,Liberal,AJAX,mark.hollandlib,markhollandlib,212,2025
Afroza Hossain,Liberal,OSHAWA,,,2380,7823
Anthony Housefather,Liberal,MOUNT ROYAL,anthonyhousefather,AHousefather,957,3049
Kim Huffman,Liberal,HALDIMAND–NORFOLK,,,2242,1295
Ahmed Hussen,Liberal,YORK SOUTH–WESTON,HonAhmedHussen,HonAhmedHussen,106,3747
Gudie Hutchings,Liberal,LONG RANGE MOUNTAINS,gudiehutchings,Gudie,686,3085
Angelo Iacono,Liberal,ALFRED-PELLAN,iacono2019,iacono2019,1208,1561
Larry Ingram,Liberal,BATTLEFORDS–LLOYDMINSTER,LarryIngramLiberal,LarryIngramLPC,932,15
Helena Jaczek,Liberal,MARKHAM–STOUFFVILLE,DrHelenaJaczek,HelenaJaczek,1413,2078
Leon Jensen,Liberal,LANGLEY–ALDERGROVE,LeonJensen2019,LeonJensen2019,157,3742
Kerrie Johnston,Liberal,EDMONTON WEST,kerrie.l.johnston,KerrieLJohnston,3975,2926
Mélanie Joly,Liberal,AHUNTSIC-CARTIERVILLE,melanie.joly.965,melaniejoly,5922,22
Yvonne Jones,Liberal,LABRADOR,,YvonneJJones,4256,4289
Bernadette Jordan,Liberal,SOUTH SHORE–ST. MARGARETS,BernadetteJordanNS,BernJordanMP,279,5357
Majid Jowhari,Liberal,RICHMOND HILL,mpjowhari,MajidJowhari,7473,830
Kamal Kadri,Liberal,EDMONTON MANNING,KamalKadriYEG,,6048,334
Andrea Kaiser,Liberal,NIAGARA FALLS,votekaiser,votekaiser,0,5083
Brian Kalliecharan,Liberal,BARRIE–SPRINGWATER–ORO-MEDONTE,Briankalliecharan2019,briankalliechar,417,2980
Todd Kathol,Liberal,CALGARY ROCKY RIDGE,CalgaryRockyridgeLiberals,KatholTodd,3046,6896
Mike Kelloway,Liberal,CAPE BRETON–CANSO,kellowaymike,,633,3051
Kayley Kennedy,Liberal,LANARK–FRONTENAC–KINGSTON,kayleykennedyca,kayleykennedyca,2751,2280
Lorne Kenney,Liberal,SIMCOE–GREY,LiberalLorne,LiberalLorne,511,474
Iqra Khalid,Liberal,MISSISSAUGA–ERIN MILLS,ReElectIqraKhalid,iamIqraKhalid,2449,3431
Kamal Khera,Liberal,BRAMPTON WEST,KamalKheraLiberal,KamalKheraLib,6012,7055
Trevor Kirczenow,Liberal,PROVENCHER,TrevorForProvencher,,606,4659
Judy Klassen,Liberal,CHURCHILL–KEEWATINOOK ASKI,,,4424,4880
Steven Kou,Liberal,RICHMOND CENTRE,stevenkou99,,2815,1005
Annie Koutrakis,Liberal,VIMY,,,4823,6404
Jasper Kujavsky,Liberal,HAMILTON CENTRE,JasperKujavsky,JasperKujavsky,391,1296
Terry Lake,Liberal,KAMLOOPS–THOMPSON–CARIBOO,TerryLake2019,terrylake19,4351,639
Emmanuella Lambropoulos,Liberal,SAINT-LAURENT,emlambropoulos,emlambropoulos,6137,2878
David Lametti,Liberal,LASALLE–ÉMARD–VERDUN,davidlamettilev,DavidLametti,846,4462
Kevin Lamoureux,Liberal,WINNIPEG NORTH,mpkevinlamoureux,Kevin_Lamoureux,801,1141
Linda Lapointe,Liberal,RIVIÈRE-DES-MILLE-ÎLES,LapointeLindaMP,LapointeLinda,7006,925
Josée Larose,Liberal,REPENTIGNY,,joseelaroseplc,2529,280
Patricia Lattanzio,Liberal,SAINT-LÉONARD–SAINT-MICHEL,,PatriciaLattan3,1602,7932
Stephane Lauzon,Liberal,ARGENTEUIL–LA PETITE-NATION,StephaneLauzon.ALPN,stephanelauzon5,1029,3118
Dominic LeBlanc,Liberal,BEAUSÉJOUR,leblancdominic,DLeBlancNB,7246,5156
Diane Lebouthillier,Liberal,GASPÉSIE - LES ÎLES-DE-LA-MADELEINE,DiLebouthillier,DiLebouthillier,71,1685
Paul Lefebvre,Liberal,SUDBURY,paullefebvre.sudbury,LefebvrePaul,451,2885
Aladin Legault d'Auteuil,Liberal,MONTMAGNY–L'ISLET–KAMOURASKA–RIVIÈRE-DU-LOUP,aladinplc,AladinLegault,743,3107
Carmen Lemieux,Liberal,SARNIA–LAMBTON,CarmenLemieuxSL,lemieux_carmen,8361,1955
Michael Levitt,Liberal,YORK CENTRE,LevittYorkCentre,LevittMichael,65,5784
Joël Lightbound,Liberal,LOUIS-HÉBERT,joellightbound,JoelLightbound,2053,1074
Alaina Lockhart,Liberal,FUNDY ROYAL,AlainaFundyRoyal,AlainaLockhart,3958,4005
Wayne Long,Liberal,SAINT JOHN–ROTHESAY,WayneLongSJ,WayneLongSJ,3819,492
Lloyd Longfield,Liberal,GUELPH,lloyd.longfield,LloydLongfield,680,2279
Tim Louis,Liberal,KITCHENER–CONESTOGA,timlouiscanada,votetimlouis,6053,1593
Karen Ludwig,Liberal,NEW BRUNSWICK SOUTHWEST,karenludwigNB,KarenLudwigNB,608,5175
Lawrence MacAulay,Liberal,CARDIGAN,LawrenceMacAulayCardigan,L_MacAulay,4127,2417
Nikki Macdonald,Liberal,VICTORIA,nikki4victoria,oceannikki,4435,324
Steve MacKinnon,Liberal,GATINEAU,stevenmackinnon,stevenmackinnon,828,4886
Jennifer Malabar,Liberal,ELMWOOD–TRANSCONA,ElectJenniferMalabar,jennifermalabar,5534,3906
Rebecca Malo,Liberal,CARLTON TRAIL–EAGLE CREEK,,,449,463
James Maloney,Liberal,ETOBICOKE–LAKESHORE,jamesmaloney.etobicoke,j_maloney,2257,160
Ruben D Marini,Liberal,RENFREW–NIPISSING–PEMBROKE,,,438,581
Soraya Martinez,Liberal,HOCHELAGA,SorayaMartinezFerrada,SorayaMartinezF,1232,2934
Rémi Massé,Liberal,AVIGNON–LA MITIS–MATANE–MATAPÉDIA,remi.masse.federal,Remi_Masse1,6098,164
Bryan May,Liberal,CAMBRIDGE,bryanmaycambridge,_BryanMay,994,2991
Jesse McCormick,Liberal,LAMBTON–KENT–MIDDLESEX,,,1201,19
Karen McCrimmon,Liberal,KANATA–CARLETON,karenmccrimmon.ca,karenmccrimmon,9592,675
Ken McDonald,Liberal,AVALON,McDonald4Avalon,McDonald4Avalon,1986,4745
David McGuinty,Liberal,OTTAWA SOUTH,DavidMcGuinty,,1398,18
John McKay,Liberal,SCARBOROUGH–GUILDWOOD,,JohnMcKayLib,2300,443
Catherine McKenna,Liberal,OTTAWA CENTRE,McKenna.Ottawa,cathmckenna,487,94
Ron McKinnon,Liberal,COQUITLAM–PORT COQUITLAM,RonMcKinnonLib,RonMcKinnonLib,512,2691
Michael McLeod,Liberal,NORTHWEST TERRITORIES,mmcleodnwt,MMcLeodNWT,1058,819
Heather Megill,Liberal,STORMONT–DUNDAS–SOUTH GLENGARRY,,hmegill,255,1886
Cecilia Melanson,Liberal,MOOSE JAW–LAKE CENTRE–LANIGAN,,,752,1133
Alexandra Mendès,Liberal,BROSSARD–SAINT-LAMBERT,AlexandraMendesLiberal2015,AlexandraBrStL,2515,2928
Marco Mendicino,Liberal,EGLINTON–LAWRENCE,marcoelmendicino,marcomendicino,10,945
Gwyneth Midgley,Liberal,BANFF–AIRDRIE,,,2559,799
Maryann Mihychuk,Liberal,KILDONAN–ST. PAUL,Mihychuk.KSP,Mihychuk_KSP,888,3589
Marc Miller,Liberal,VILLE-MARIE–LE SUD-OUEST–ÎLE-DES-SOEURS,MarcMillerVilleMarie,MarcMillerVM,1973,4054
Pirie Mitchell,Liberal,PERTH–WELLINGTON,piriemitchell4pw,Pirie_Mitchell,3001,1117
Habiba Mohamud,Liberal,EDMONTON GRIESBACH,Dr.HabibaforGriesbach,drhabibamohamud,1479,1364
Maryam Monsef,Liberal,PETERBOROUGH–KAWARTHA,MonsefMaryam,MaryamMonsef,8659,4061
Bill Morneau,Liberal,TORONTO CENTRE,morneau.bill,Bill_Morneau,2934,230
Bobby Morrissey,Liberal,EGMONT,MorrisseyEgmont,MorrisseyEgmont,1597,3969
Tracy Muggli,Liberal,SASKATOON–GRASSWOOD,infotracymuggli,tracymuggli,744,3191
Mary Ann Murphy,Liberal,CENTRAL OKANAGAN–SIMILKAMEEN–NICOLA,Murphy4COSN,Murphy4COSN,2313,48
Joyce Murray,Liberal,VANCOUVER QUADRA,mpjoycemurray,joycemurray,5252,1127
Nirmala Naidoo,Liberal,CALGARY SKYVIEW,NirmalaNaidooOfficial,NirmalaNaidoo,4297,1751
Bob Nault,Liberal,KENORA,BobNaultMP,BobNaultMP,1069,45
Mary Ng,Liberal,MARKHAM–THORNHILL,maryngMarkhamThornhill,mary_ng,235,1205
Taleeb Noormohamed,Liberal,VANCOUVER GRANVILLE,taleebnoormohamed,Taleeb,5520,1252
Jennifer O'Connell,Liberal,PICKERING–UXBRIDGE,JenOConnellLiberal,jenoconnell,4924,3813
Seamus O'Regan,Liberal,ST. JOHN'S SOUTH–MOUNT PEARL,SeamusOReganMP,SeamusORegan,3695,41
Rob Oliphant,Liberal,DON VALLEY WEST,roboliphantdvw,Rob_Oliphant,6777,2293
Eleanor Olszewski,Liberal,EDMONTON STRATHCONA,eleanor4strathcona,Eleanor4Strath,2196,5651
Katie Omstead,Liberal,CHATHAM-KENT–LEAMINGTON,omsteadkatie,KatieOmstead,173,5415
Robert-Falcon Ouellette,Liberal,WINNIPEG CENTRE,RFalconOuellette,DrRobbieO,1720,3186
Leslie Penny,Liberal,PEACE RIVER–WESTLOCK,,,487,3018
Joe Peschisolido,Liberal,STEVESTON–RICHMOND EAST,JoePeschisolidoLib,jpeschisolido,802,2306
Ginette Petitpas Taylor,Liberal,MONCTON–RIVERVIEW–DIEPPE,ginetteptaylor,GinettePT,1399,6965
Michel Picard,Liberal,MONTARVILLE,MichelPicardMP,MPicardLiberal,143,21
Chantal Pilon,Liberal,RIMOUSKI-NEIGETTE–TÉMISCOUATA–LES BASQUES,Chantal-Pilon-409215366591664,,790,81
Megan Pizzo Lyall,Liberal,NUNAVUT,teammegan2019,teammegan2019,75,2438
Jonathan Plamondon,Liberal,LA POINTE-DE-L'ÎLE,PlamondonJonathan,Plamondonj,2569,1066
Christine Poirier,Liberal,BERTHIER–MASKINONGÉ,iciChristine.ca,iciChristine,29,3860
Jean-Claude Poissant,Liberal,LA PRAIRIE,jeanclaudepoissantlaprairie,PLCLaPrairieJCP,2779,572
Marcus Powlowski,Liberal,THUNDER BAY–RAINY RIVER,MPowlowski,,7107,0
Sandra Pupatello,Liberal,WINDSOR WEST,SandraPupatello,SandraPupatello,4599,175
Carla Qualtrough,Liberal,DELTA,CarlaQualtroughDelta,CQualtro,1512,4345
Yasmin Ratansi,Liberal,DON VALLEY EAST,TeamYasmin2019,Tyasmin2019,1897,5112
Geoff Regan,Liberal,HALIFAX WEST,geoffreganNS,geoffregan,5346,399
Detlev Regelsky,Liberal,SELKIRK–INTERLAKE–EASTMAN,,,213,4683
Valérie Renaud-Martin,Liberal,TROIS-RIVIÈRES,valerierenaudmartinplc,ValRenaudMartin,1089,3015
Jean Rioux,Liberal,SAINT-JEAN,jeanriouxsaintjean,jeanriouxplc,7136,1751
Yves Robillard,Liberal,MARC-AURÈLE-FORTIN,YvesRobillardPLC,YRobillardPLC,185,3416
Nathalie Rochefort,Liberal,BÉCANCOUR–NICOLET–SAUREL,Nathalie-Rochefort-politicienne-531769760233940,NathRochefort,104,1795
Chris Rodgers,Liberal,CARLETON,VoteChris2019,VoteChris2019,3089,213
Pablo Rodriguez,Liberal,HONORÉ-MERCIER,HonPabloRodriguez,pablorodriguez,2077,6
Churence Rogers,Liberal,BONAVISTA–BURIN–TRINITY,ChurenceRogersLPC,ChurenceRogers,1178,7294
Sherry Romanado,Liberal,LONGUEUIL–CHARLES-LEMOYNE,sherryromanado,SherryRomanado,85,2935
Anthony Rota,Liberal,NIPISSING–TIMISKAMING,AnthonyRota2019,AnthonyRota,654,1177
Kim Rudd,Liberal,NORTHUMBERLAND–PETERBOROUGH SOUTH,RuddKim,RuddKim,402,6775
Dan Ruimy,Liberal,PITT MEADOWS–MAPLE RIDGE,danruimyCA,DanRuimyMP,881,2414
Ruby Sahota,Liberal,BRAMPTON NORTH,rubysahotalib,rubysahotalib,612,592
Raj Saini,Liberal,KITCHENER CENTRE,RajSaini4KitCen,RajSainiMP,975,1935
Harjit Sajjan,Liberal,VANCOUVER SOUTH,harjit.sajjan.7,HarjitSajjan,360,168
Darrell Samson,Liberal,SACKVILLE–PRESTON–CHEZZETCOOK,darrellsamsonliberal,darrellsamson,6824,7401
Ramesh Sangha,Liberal,BRAMPTON CENTRE,RameshSanghaMP,sangharamesh,1050,528
Randeep Sarai,Liberal,SURREY CENTRE,randeepssarai,randeepssarai,3764,617
Dave Savard,Liberal,MANICOUAGAN,DaveSavardCoteNord,,1754,8176
Isabel Sayegh,Liberal,MONTCALM,,,960,1925
Francis Scarpaleggia,Liberal,LAC-SAINT-LOUIS,fscarpaleggia,ScarpaleggiaLSL,6958,1951
Peter Schiefke,Liberal,VAUDREUIL–SOULANGES,,PeterSchiefke,3217,381
Deb Schulte,Liberal,KING–VAUGHAN,DebSchulte82,_DebSchulte,6840,2150
Peter Schwarzhoff,Liberal,NORTH ISLAND–POWELL RIVER,VotePeterSchwarzhoff,PeteSchwarzhoff,1539,1560
Marc Serré,Liberal,NICKEL BELT,MarcSerreMP,MarcSerreMP,430,7068
Judy Sgro,Liberal,HUMBER RIVER–BLACK CREEK,GoWithSgro,JudySgroMP,2418,2392
Brenda Shanahan,Liberal,CHÂTEAUGUAY–LACOLLE,BrendaShanahan2015,BShanahanLib,4037,1856
Terry Sheehan,Liberal,SAULT STE. MARIE,terrysheehan2019,TerrySheehan,438,3956
Maninder Sidhu,Liberal,BRAMPTON EAST,MSidhuLiberal,MSidhuLiberal,1648,4525
Jati Sidhu,Liberal,MISSION–MATSQUI–FRASER CANYON,jatisidhu2019,JatiSidhu19,710,6072
Sonia Sidhu,Liberal,BRAMPTON SOUTH,soniasidhuliberal,SoniaLiberal,845,4539
Gagan Sikand,Liberal,MISSISSAUGA–STREETSVILLE,gagansikandmp,gagansikand,1020,481
Scott Simms,Liberal,COAST OF BAYS–CENTRAL–NOTRE DAME,ScottSimmsCanada,Scott_Simms,8729,2188
Amarjeet Sohi,Liberal,EDMONTON MILL WOODS,AmarjeetSohiYEG,SohiAmarjeet,4870,3708
Francesco Sorbara,Liberal,VAUGHAN–WOODBRIDGE,FrancescoSorbaraMP,fsorbara,6484,254
Sven Spengemann,Liberal,MISSISSAUGA–LAKESHORE,SvenTrueNorth,SvenTrueNorth,1706,590
Gregory Springate,Liberal,ST. ALBERT–EDMONTON,,,2935,6704
Jennifer Stebbing,Liberal,FLAMBOROUGH–GLANBROOK,Stebbing.Jennifer,Jen_Stebbing,4025,9366
Jordan Stein,Liberal,CALGARY CONFEDERATION,Jordan.Stein.Alberta,JordanSteinAB,1303,8760
Marwan Tabbara,Liberal,KITCHENER SOUTH–HESPELER,marwantabbara4KSH,Tabbara4KSH,3685,356
Tamara Taggart,Liberal,VANCOUVER KINGSWAY,TamaraLeeTaggart,tamarataggart,5147,619
Danielle Takacs,Liberal,BRANTFORD–BRANT,joindanielle,danielletakacs,921,3389
Annie Talbot,Liberal,PORTNEUF–JACQUES-CARTIER,AnnieTalbotPLC,AnnieTalbot4,1690,676
Filomena Tassi,Liberal,HAMILTON WEST–ANCASTER–DUNDAS,FilomenaTassiMP,FilomenaTassi,2378,226
Leah Taylor Roy,Liberal,AURORA–OAK RIDGES–RICHMOND HILL,SupportLeahTaylorRoy,Leah_Taylor_Roy,4173,1016
Claude Thibault,Liberal,ABITIBI–TÉMISCAMINGUE,ClaudeThibaultPLC,,1018,543
Ronald Thiering,Liberal,SHERWOOD PARK–FORT SASKATCHEWAN,,,3001,1157
Allan Thompson,Liberal,HURON–BRUCE,allanthompson2019,ElectAllanT,1557,3360
Justin Trudeau,Liberal,PAPINEAU,JustinPJTrudeau,JustinTrudeau,856,856
Karl Trudel,Liberal,MIRABEL,karl.trudel,karl_trudel,926,325
Josephine Tsang,Liberal,CALGARY NOSE HILL,,,148,4925
Ryan Turnbull,Liberal,WHITBY,TurnbullforWhitby,TurnbullWhitby,2023,2050
Bruno Uggenti,Liberal,HAMILTON MOUNTAIN,BUggenti19,BUggenti,5157,560
Tony Van Bynen,Liberal,NEWMARKET–AURORA,tonyvanbynen,TonyVanBynen,2357,9161
Adam van Koeverden,Liberal,MILTON,AdamvanKoeverden,vankayak,2478,3729
Dan Vandal,Liberal,SAINT BONIFACE–SAINT VITAL,danvandalforstboniface,Vote_Vandal,1347,5511
Anita Vandenbeld,Liberal,OTTAWA WEST–NEPEAN,AnitaVandenbeldOWN,anitavandenbeld,667,3548
Adam Vaughan,Liberal,SPADINA–FORT YORK,adamvaughanTO,TOAdamVaughan,4521,3469
Adam Veilleux,Liberal,BEAUCE,adamvaughanTO,TOAdamVaughan,2755,2170
Kelly Velonis,Liberal,CHILLIWACK–HOPE,kellyforchilliwackhope,KellyVelonis,4193,2162
René Vincelette,Liberal,SAINT-HYACINTHE–BAGOT,,,6694,1192
Arif Virani,Liberal,PARKDALE–HIGH PARK,ViraniArif,viraniarif,5575,577
Patrick Weiler,Liberal,WEST VANCOUVER–SUNSHINE COAST–SEA TO SKY COUNTRY,,,4960,3559
Ken Werbiski,Liberal,PORTAGE–LISGAR,,,1599,967
Cynthia Wesley-Esquimaux,Liberal,YORK–SIMCOE,,,222,283
Nick Whalen,Liberal,ST. JOHN'S EAST,NickWhalenMP,NickWhalenMP,4665,1569
Jonathan Wilkinson,Liberal,NORTH VANCOUVER,JonathanWilkinsonNorthVancouver,JonathanWNV,2172,111
Lisa-Marie Wilson,Liberal,ALGOMA–MANITOULIN–KAPUSKASING,,,1349,483
Heather Wilson,Liberal,BARRIE–INNISFIL,HeatherWilsonLib,HWilsonAMK,36,146
Ryan Windsor,Liberal,SAANICH–GULF ISLANDS,,RyanWindsor19,1041,2670
Richard L. Wong,Liberal,EDMONTON–WETASKIWIN,,,3596,385
Jean Yip,Liberal,SCARBOROUGH–AGINCOURT,JeanYip.Scarborough,JeanYip3,6580,244
Kate Young,Liberal,LONDON WEST,kateyoungmp,KateYoungMP,4047,3617
Salma Zahid,Liberal,SCARBOROUGH CENTRE,salmazahid15,SalmaZahid15,802,216
Lenore Zann,Liberal,CUMBERLAND–COLCHESTER,LenoreZannNS,,2164,50
Andrew Scheer,Conservative,Regina — Qu’Appelle,AndrewScheerMP,AndrewScheer,3003,1228
Abdul Abdi,Conservative,Ottawa West — Nepean,AbdulAbdiCPC,AbdulAbdi6,992,91
Ziad Aboultaif,Conservative,Edmonton Manning,ziad4manning,ziad_aboultaif,1077,1640
Leona Aglukka,Conservative,Nunavut,leona.aglukkaq,leonaaglukkaq,107,1216
Scott Aitchison,Conservative,Parry Sound — Muskoka,CPCCandidate,ScottAAitchison,118,1076
Dan Albas,Conservative,Central Okanagan — Similkameen — Nicola,DanAlbas4COSN,DanAlbas,2264,1030
Harold Albrecht,Conservative,Kitchener — Conestoga,Harold.Albrecht.MP,Albrecht4KitCon,3168,248
Leona Alleslev,Conservative,Aurora — Oak Ridges — Richmond Hill,leonaalleslev,LeonaAlleslev,539,7654
Dean Allison,Conservative,Niagara West,deanallison.mp,DeanAllisonMP,1167,3618
Stella Ambler,Conservative,Mississauga — Lakeshore,stella.ambler.5,StellaAmbler,3358,2259
Theodore Antony,Conservative,Markham — Stouffville,theodoreantonycpc,theodore_antony,8378,760
Scott Armstrong,Conservative,Cumberland — Colchester,scottarmstrong.ns,1ScottArmstrong,2532,1360
Mel Arnold,Conservative,North Okanagan — Shuswap,MelArnoldMP,MelArnoldMP,3009,734
Chani Aryeh,Conservative,Eglinton — Lawrence,Chani4EgLaw,chaniaryehbain,1289,2403
Sunny Attwal,Conservative,Cambridge,attwalforcambridge,SunnyCBridge,2770,1369
Tina Bains,Conservative,Surrey Centre,,tinabains_cpc,133,791
Tony Baldinelli,Conservative,Niagara Falls,TonyforNiagara-433152797485204,,1720,1667
John Barlow,Conservative,Foothills,johnbarlowmp,JohnBarlowMP,6066,17
Bernard Barré,Conservative,Saint-Hyacinthe — Bagot,BernardBarrePCC,BernardBarrePcc,2113,3391
Michael Barrett,Conservative,Leeds-Grenville-Thousand Islands and Rideau Lakes,MikeBarrettON,MikeBarrettON,5928,7475
Joyce Bateman,Conservative,Winnipeg South Centre,JoyceBatemanCPC,JoyceBatemanCPC,80,406
Sonia Baudelot,Conservative,Marc-Aurèle-Fortin,soniabaudelotpcc,BaudelotSonia,4036,6853
Josée Bélanger,Conservative,Berthier — Maskinongé,JoseeBelangerPCC,,26,421
Bob Benzen,Conservative,Calgary Heritage,BobBenzen,BobBenzen,1589,4752
Candice Bergen,Conservative,Portage — Lisgar,CandiceBergenMp,CandiceBergenMP,1093,1098
Joel Bernard,Conservative,Ottawa — Vanier,VoteJoelCPC,VoteJoelCPC,332,6950
Luc Berthold,Conservative,Mégantic — L’Érable,lucbertholdmeganticlerable,LucBerthold,99,2365
David Bertschi,Conservative,Orléans,DavidBOrleans,David_Bertschi,2404,334
James Bezan,Conservative,Selkirk — Interlake — Eastman,jamesbezan,jamesbezan,908,202
Sanjay Bhatia,Conservative,Davenport,sanjaybhatia4d1,,2210,1665
Cyara Bird,Conservative,Churchill — Keewatinook Aski,CyaraBird4ChurchillKA,CyaraBird,193,2184
Dave Blackburn,Conservative,Pontiac,BLACKBURNPONTIAC2019,Blackburn2019,5379,4774
Steven Blaney,Conservative,Bellechasse — Les Etchemins — Lévis,HonStevenBlaney,HonStevenBlaney,3909,6554
Kelly Block,Conservative,Carlton Trail — Eagle Creek,kellyblockmp,KellyBlockmp,2981,64
Sarah Bokhari,Conservative,London North Centre,SarahMPCandidateConservativeLNC,,1161,5728
Sylvie Boucher,Conservative,Beauport — Côte-de-Beaupré — Île d’Orléans — Charlevoix,SylvieBoucherMP,SBoucherMP,1,5801
Bianca Boutin,Conservative,Québec,BIANCABOUTINPCC,BiancaBoutin,847,1022
Alex Bracci,Conservative,Coast of Bays — Central — Notre Dame,bracci2019,,2503,857
Richard Bragdon,Conservative,Tobique — Mactaquac,Richard-Bragdon-1499436196999231,RichardBragdon,612,56
Pierre Branchaud,Conservative,Repentigny,PierreBranchaudRepentigny,,3067,125
Ramandeep Brar,Conservative,Brampton South,electbrar,electbrar,2319,18
John Brassard,Conservative,Barrie — Innisfil,JohnBrassardCPC,JohnBrassardCPC,406,3460
Nancy Brassard-Fortin,Conservative,Rimouski-Neigette — Témiscouata — Les Basques,,,550,2884
Lois Brown,Conservative,Newmarket — Aurora,,LoisBrownCanada,2628,1151
David Busch,Conservative,Saanich — Gulf Islands,DavidBusch2019,DavidBusch2019,1265,2531
Blaine Calkins,Conservative,Red Deer — Lacombe,BlaineCalkinsMP,blainecalkinsmp,5593,4744
Robert Campbell,Conservative,Charlottetown,allin4charlottetown,,3946,4808
George Canyon,Conservative,Central Nova,GeorgeCanyonCPC,georgecanyon,999,4751
Réjeanne Caron,Conservative,Saint Boniface — Saint Vital,rejeanne.caron.39,rejeanne2019,1868,511
Richard Caron,Conservative,Victoria,richard.caron.conservative,,4019,4490
Jordy Carr,Conservative,Nipissing — Timiskaming,jordycarr.ca,JordyCarr1,1815,1396
Colin Carrie,Conservative,Oshawa,ColinCarrieCPC,ColinCarrieCPC,238,5665
David Cavey,Conservative,Vancouver Centre,DavidCaveyCPC,DavidCavey,348,3405
Matthew Chapman,Conservative,Avalon,votematthewchapmanCPC,,538,1116
Irshad Chaudhry,Conservative,Scarborough Centre,IrshadChaudhry4ScarboroughCentre,Irshad_C18,7289,3386
Kenny Chiu,Conservative,Steveston — Richmond East,RMD.kenny.chiu,RmdKenny,1199,264
Michael Chong,Conservative,Wellington — Halton Hills,michaelchongCPC,MichaelChongMP,220,8370
Zia Choudhary,Conservative,Toronto — Danforth,VoteZia2019,votezia2019,1170,4503
Iftikhar Choudry,Conservative,Humber River — Black Creek,TeamChoudry,iachoudry,1735,7838
Monica Ciriello,Conservative,Hamilton Centre,ciriello.monica,CirielloMonica,613,3841
Alupa Clarke,Conservative,Beauport — Limoilou,AlupaClarke,Alupa_Clarke,3103,385
Carol Clemenhagen,Conservative,Ottawa Centre,ottawacentrecarol,ottawaccarol,3256,1632
Nathalie Clermont,Conservative,Shefford,NathalieClermondPCC,,1339,9836
Patrick Clune,Conservative,Longueuil — Saint-Hubert,PatrickClunePCC,,3091,1691
Jason Cole,Conservative,Dartmouth — Cole Harbour,jasoncole2019,JasonColeCPC,870,8952
Michael Cooper,Conservative,St. Albert — Edmonton,michaelcooper4stalbertedmonton,Cooper4SAE,1065,278
Kevin Copley,Conservative,Sackville — Preston — Chezzetcook,kevincopleyspc,,907,1422
Tanya Corbet,Conservative,Delta,,TanyaCorbet,2276,1401
Vince Cormier,Conservative,Beauséjour,,,820,694
François Corriveau,Conservative,Manicouagan,FrancoisCorriveauPCC,,3360,2225
Chris Corsetti,Conservative,Vancouver East,,,2533,368
Bruno Côté,Conservative,Brome — Missisquoi,BrunoCotePCC,,2073,584
Bruno-Pier Courchesne,Conservative,Saint-Maurice — Champlain,BrunoPierCourchesnePCC,,6303,4375
Robert Coutu,Conservative,La Pointe-de-l’Île,RobertCoutuPCC,RobertJrCoutu,2352,1018
Karen Cox,Conservative,Vaudreuil — Soulanges,KarenCoxPCC,,1588,3001
Guy Croteau,Conservative,Honoré-Mercier,guycroteaupcc,,4955,2853
James Cumming,Conservative,Edmonton Centre,jamescummingcpc,CummingK,3664,549
Yanik D’Aigle,Conservative,Northwest Territories,bowtiebanker,yanikdaigle,5475,8710
Chris d’Entremont,Conservative,West Nova,chris.dentremont,ChrisMLA,507,2885
Marc Dalton,Conservative,Pitt Meadows — Maple Ridge,MarcDalton4PMMR,MarcDalton,2040,53
Raquel Dancho,Conservative,Kildonan — St. Paul,RaquelDanchoforKSP,RaquelDancho,3537,86
Mathieu Daviault,Conservative,Pierre-Boucher — Les Patriotes — Verchères,MathieuDaviaultPCC,DaviaultMathieu,1123,763
Scot Davidson,Conservative,York-Simcoe,ScotDavidsonMP,ScotDavidsonMP,707,2761
Alana DeLong,Conservative,Cowichan — Malahat — Langford,Alana.DeLong,alanadelong,4470,9222
Gérard Deltell,Conservative,Louis-Saint-Laurent,deltell.gerard,gerarddeltell,5096,4220
Leo Demarce,Conservative,Windsor — Tecumseh,leodemarce.ca,LeoDemarce,3454,4361
Lise des Greniers,Conservative,Laurier — Sainte-Marie,lisedesgreniers,lisepcc,7885,4461
François Desrochers,Conservative,Mirabel,FrancoisDesrochersPCC,,1985,1821
Gisèle Desroches,Conservative,Montcalm,GiseleDesRochesPCC,,3168,5106
Tom Dingwall,Conservative,Ajax,TomDingwallForAjax,TomDingwallAjax,3491,8706
Kerry Diotte,Conservative,Edmonton Griesbach,KerryDiotteEdmontonGriesbach,KerryDiotte,408,4926
Kathleen Dixon,Conservative,Vancouver Quadra,KathleenDixonVQ,KathleenDixonVQ,3247,957
Todd Doherty,Conservative,Cariboo — Prince George,ToddDohertyMP,ToddDohertyMP,3895,930
Terry Dowdall,Conservative,Simcoe — Grey,TerryDowdall2019,TerryDowdallcpc,2060,3564
Shelley Downey,Conservative,North Island — Powell River,shelleydowney4NIPR,ShelleyDowney_,3253,3157
Neil Drabkin,Conservative,Notre-Dame-de-Grâce — Westmount,NeilDrabkinNDGWestmount2019,,6375,4803
Earl Dreeshen,Conservative,Red Deer — Mountain View,EarlDreeshenMP,earl_dreeshen,2500,2736
Mike Duggan,Conservative,Hull — Aylmer,MikeDugganPCC,MikeDugganPCC,447,2716
Eric Duncan,Conservative,Stormont — Dundas — South Glengarry,EricDuncanSDSG,EricDuncanSDSG,2167,1186
Tim Durkin,Conservative,Bay of Quinte,TimDurkinBayOfQuinte,,5871,2004
Peter Dyakowski,Conservative,Hamilton Mountain,PeterDyakowski2019,PeterDyakowski,1934,2601
Ryan Dyck,Conservative,Winnipeg Centre,Ryan-Dyck-for-Winnipeg-Centre-105914560763930,,6733,82
Jessica Ebacher,Conservative,Drummond,JessicaEbacherPCC,,632,850
Josh Eisses,Conservative,Long Range Mountains,JoshEssesLRM,JoshEisses,1749,4909
Rima El-Helou,Conservative,Vimy,RimaElHelouPCC,,601,224
Pierre-André Émond,Conservative,Bécancour — Nicolet — Saurel,PierreAndreEmondPCC,emondpa,784,532
David Epp,Conservative,Chatham-Kent — Leamington,DaveEppCKL,,760,1710
Angelo Esposito,Conservative,Alfred-Pellan,AngeloEspositoPCC,ESPOCPC,2539,2603
Ted Falk,Conservative,Provencher,TedFalkMP,MPTedFalk,1224,80
Rosemarie Falk,Conservative,Battlefords — Lloydminster,RosemarieFalkMP,rosemarie_falk,1056,467
Frank Fang,Conservative,Spadina — Fort York,,,1117,529
Ed Fast,Conservative,Abbotsford,EdFastMP,HonEdFast,7763,117
Kimberly Fawcett,Conservative,Scarborough Southwest,kimfawcettsmith,KimberlyFawcett,448,3980
Martin Ferron,Conservative,Abitibi — Baie-James — Nunavik — Eeyou,MartinFerronPCC,,843,210
Kerry-Lynne Findlay,Conservative,South Surrey — White Rock,kerrylynnefindlay,KerryLynneFindl,741,1179
Diane Finley,Conservative,Haldimand — Norfolk,DianeFinleyHN,dianefinleymp,108,1431
Sarah Fischer,Conservative,Don Valley North,sarahfordonvalleynorth,SarahFischerDVN,3200,129
Larry Flemming,Conservative,Labrador,larry4labrador,Larry4Labrador,5946,752
Michael Forian,Conservative,Ville-Marie — Le Sud-Ouest — Île-des-Soeurs,ForianVM,ForianVM,4569,9894
Marie Claude Fournier,Conservative,Thérèse-De Blainville,MarieClaudeFournierPCC,,46,2867
Nelson Fox,Conservative,Madawaska — Restigouche,cpcnelsonfox,,2409,2111
Jocelyn Fradette,Conservative,Lac-Saint-Jean,jocelynfradettepcc,,785,758
Ann Francis,Conservative,Lac-Saint-Louis,AnnFrancisPCC,francissaad,6919,1035
Sylvie Fréchette,Conservative,Rivière-du-Nord,SylvieFrechettePCC,Dolpholina,3503,5908
Philippe Gagnon,Conservative,Jonquière,PhilippeGagnonPCC,PhilippeGagnon_,4826,5051
France Gagnon,Conservative,Terrebonne,,,3845,2566
Cheryl Gallant,Conservative,Renfrew — Nipissing — Pembroke,CherylGallant,cherylgallant,2080,1425
Bernard Généreux,Conservative,Montmagny — L’Islet — Kamouraska — Rivière-du-Loup,genereuxbernard,GenereuxBernard,1188,1044
Garnett Genuis,Conservative,Sherwood Park — Fort Saskatchewan,Garnett-Genuis-173928532656310,GarnettGenuis,3418,2723
Marilyn Gladu,Conservative,Sarnia — Lambton,MPMarilynGladu,MPMarilynGladu,972,1143
Joël Godin,Conservative,Portneuf — Jacques-Cartier,JoelGodinPJC,Pjcjoelgodin,2800,4727
Sylvie Godin-Charest,Conservative,Moncton — Riverview — Dieppe,SylvieGodinCharestCandidate,sgodincharest,4405,1463
Sylvie Goneau,Conservative,Gatineau,SylvieGoneauPCC,,5929,191
Pawanjit Gosal,Conservative,Brampton Centre,teamgosal,,264,2515
Jacques Gourde,Conservative,Lévis — Lotbinière,,,1217,3637
Tracy Gray,Conservative,Kelowna — Lake Country,VoteTracyGray,TracyGrayKLC,2161,3839
Serge Grégoire,Conservative,Laurentides — Labelle,sergegregoirepcc,SergeGregoire,601,1209
Kraymr Grenke,Conservative,Timmins — James Bay,KraymrGrenke,Kraymr,221,4487
Marie-Josée Guérette,Conservative,Louis-Hébert,MarieJoseeGuerettePCC,,1913,2487
Rachael Harder,Conservative,Lethbridge,RachaelHarderMP,RachaelHarderMP,1549,3467
John Hirst,Conservative,Nanaimo — Ladysmith,JohnHirst2019,JohnHirst2019,2623,3326
Glenn Hoa,Conservative,Brossard — Saint-Lambert,GlennHoaPCC,,1705,2444
Randy Hoback,Conservative,Prince Albert,MPRandyHoback,MPRandyHoback,4705,5582
Bruce Holland,Conservative,Halifax,BruceHollandHalifax,,195,4654
Byron Horner,Conservative,Courtenay — Alberni,Byron4CourtenayAlberni,byron4CA,175,1342
Sean Hu,Conservative,Scarborough — Agincourt,seanhuscarboroughagincourt,SeanHuCPC,702,81
Nicholas Insley,Conservative,Coquitlam — Port Coquitlam,insleynicholas,InsleyNicholas,3435,4175
Mariam Ishak,Conservative,Pierrefonds — Dollard,mariamishakpcc,MariamIshakCPC,5879,3842
Tamara Jansen,Conservative,Cloverdale — Langley City,tamarajansenofficial,,871,4418
April Jeffs,Conservative,Niagara Centre,apriljeffs,April_Jeffs,1365,2962
Matt Jeneroux,Conservative,Edmonton Riverbend,mattjeneroux,jeneroux,3612,101
Andrea Johnson,Conservative,Fredericton,VoteAndreaJohnson,,8530,1596
Nikki Kaur,Conservative,Hamilton East — Stoney Creek,,,3525,5136
Sarabjit Kaur,Conservative,Etobicoke North,electsarabjitk,electsarabjitk,1334,4601
Alan Keeso,Conservative,Kitchener South — Hespeler,KeesoKSH,AlanKeeso,1183,6322
Pat Kelly,Conservative,Calgary Rocky Ridge,PatKellyMP,PatKelly_MP,678,355
Peter Kent,Conservative,Thornhill,PeterKentMP,KentThornhillMP,8950,363
Arpan Khanna,Conservative,Brampton North,TeamArpan,ArpanKhanna,2157,345
Robert Kitchen,Conservative,Souris — Moose Mountain,drrobertkitchen,,4472,3249
Tom Kmiec,Conservative,Calgary Shepard,TomKmiec,tomkmiec,5655,1567
Helena Konanz,Conservative,South Okanagan — West Kootenay,electhelenakonanz,HelenaKonanz,6211,3566
David Kong,Conservative,Scarborough North,votedavidkong,,2209,1799
Michael Kram,Conservative,Regina — Wascana,MichaelKramSK,MichaelKramSK,1429,652
Teresa Kruze,Conservative,Vaughan — Woodbridge,Elect-Teresa-Kruze-349274049131400,TeresaKruze,675,3068
Damien Kurek,Conservative,Battle River — Crowfoot,dckurek,dckurek,5048,3184
Stephanie Kusie,Conservative,Calgary Midnapore,stephaniekusiepolitician,StephanieKusie,4650,3021
Aino Laamanen,Conservative,Nickel Belt,,,1384,959
Kathy Laframboise,Conservative,Ahuntsic-Cartierville,KathyLaframboisePCC,LaframboiseKat2,2341,7419
Mike Lake,Conservative,Edmonton — Wetaskiwin,MikeLakeMP,MikeLakeMP,781,1564
Hugues Laplante,Conservative,Châteauguay — Lacolle,HuguesLaplantePCC,,115,571
Isabelle Lapointe,Conservative,La Prairie,isabellelapointepcc,ilapointePCC,1623,854
Véronique Laprise,Conservative,Beloeil — Chambly,,,1082,4782
Celine Laquerre,Conservative,Dorval — Lachine — LaSalle,CelineLaQuerrePCC,,2743,965
Bert Laranjo,Conservative,Hamilton West — Ancaster — Dundas,bertlaranjohwad,BertLaranjo,7150,2334
Cynthia Larivière,Conservative,Salaberry — Suroît,CynthiaLarivierePCC,,43,107
Henry Lau,Conservative,Windsor West,100010309087867,,740,296
Philip Lawrence,Conservative,Northumberland — Peterborough South,votephiliplawrence,PLawrence2019,5143,1363
Daniel Lee,Conservative,Willowdale,DanielLeeWillowdaleCPC,DanielLeeCPC,3992,2948
Catherine Lefebvre,Conservative,Bourassa,CatherineLefebvrePCC,,2056,313
Richard Lehoux,Conservative,Beauce,richardlehouxpcc,,110,1176
Pierre Lemieux,Conservative,Glengarry—Prescott—Russell,PierreLemieuxMP,CPCLemieux,1082,1323
Ryan Lester,Conservative,Toronto Centre,ElectRyanLester,RyanLesterTO,1251,811
Heather Leung,Conservative,Burnaby North — Seymour,heather.leung.50,,146,2244
Yves Lévesque,Conservative,Trois-Rivières,YvesLevesquePCC,,8732,691
Chris Lewis,Conservative,Essex,ChrisLewisEssex,ChrisLewisEssex,3137,2276
Ron Liepert,Conservative,Calgary Signal Hill,ronliepert,RonLiepert,1110,460
Sam Lilly,Conservative,Edmonton Strathcona,samlillystrathcona,sam_lilly1,2447,6589
Wladyslaw Lizon,Conservative,Mississauga East — Cooksville,WladyslawLizon,wladyslawlizon,4498,5141
Dane Lloyd,Conservative,Sturgeon River — Parkland,DaneLloydCPC,DaneLIoyd,992,1964
Ben Lobb,Conservative,Huron — Bruce,BenLobbMP,BenLobbMP,3476,668
Gabrielle Loren,Conservative,Vancouver — Sunshine Coast — Sea to Sky Country,,,1033,7393
Marie Louis-Seize,Conservative,Argenteuil — La Petite-Nation,MarieLouisSeizePCC,,1280,1254
Jasmine Louras,Conservative,Outremont,jasminelouraspcc,JasmineLouras,3541,248
Tom Lukiwski,Conservative,Moose Jaw — Lake Centre — Lanigan,TomLukiwski,TomLukiwski,3359,1019
Michael Ma,Conservative,Don Valley East,MichaelMaCPC,MichaelMaCPC,1694,2678
Dave Mackenzie,Conservative,Oxford,DaveMacKenzieMP,DaveMacKenzieMP,4480,809
Alfie MacLeod,Conservative,Cape Breton — Canso,AlfieMacLeod.NSpoli,alfiemacleod,1679,633
Martha MacQuarrie,Conservative,Kings — Hants,Martha4KingsHants,Martha4KH,1879,5736
Larry Maguire,Conservative,Brandon — Souris,larrymaguiremp,LarryMaguireMP,3658,7809
Melanie Maher,Conservative,Winnipeg South,melaniemaherwpgsouth,melanielmaher,693,3589
Ilario Maiolo,Conservative,Saint-Léonard — Saint-Michel,IlarioMaioloPCC,IlarioMaioloPCC,7662,22
Christine Marcoux,Conservative,Hochelaga,christinemarcouxpcc,HochelagaC,3535,5972
Richard Martel,Conservative,Chicoutimi — Le Fjord,richardmartelpcc,richardmartelpc,3864,7143
Terry Martin,Conservative,St. John’s South — Mount Pearl,TerryMartinCPC,,298,383
Jean-Martin Masse,Conservative,Joliette,JeanMartinMassePCC,JeanMartinMasse,1148,5846
Daniel Mazier,Conservative,Dauphin — Swan River — Neepawa,DanMazierMB,MBDan7,3415,504
Justina McCaffrey,Conservative,Kanata — Carleton,JustinaMcCaffreyForKC,JustinaCPC,2607,403
Todd McCarthy,Conservative,Whitby,toddmccarthyCPC,ToddMcCarthyCPC,1985,3547
Kelly McCauley,Conservative,Edmonton West,KellyMcCauleyMP,KellyMcCauleyMP,4731,982
Phil McColeman,Conservative,Brantford — Brant,Phil4Brant,Phil4Brant,4083,3189
Greg McLean,Conservative,Calgary Centre,GREGMCLEANYYC,GregMcLeanYYC,781,1924
Peggy McLean,Conservative,Miramichi — Grand Lake,PeggyMcLeanCPC,PeggyMcLeanCPC,3194,3147
Logan McLellan,Conservative,Egmont,electlogan2019,electlogan2019,372,238
Cathy McLeod,Conservative,Kamloops — Thompson — Cariboo,cathymcleodmp,Cathy_McLeod,2246,1974
Jessy McNeil,Conservative,Compton — Stanstead,JessyMcNeilPCC,,4665,8933
Ghada Melek,Conservative,Mississauga — Streetsville,GhadaMelekPage,ghada_melek,914,6253
Eric Melillo,Conservative,Kenora,ericmelilloCPC,Eric_Melillo,299,4744
Costas Menegakis,Conservative,Richmond Hill,CostasMenegakis,CostasMenegakis,2328,2366
Jane Michael,Conservative,Burlington,JaneMichaelBurlington,,1094,707
Milad Mikael,Conservative,Mississauga Centre,miladmikaelca,,61,2273
Maikel Mikhael,Conservative,Rivière-des-Mille-Îles,maikelmikhaelpcc,,1662,1899
Rob Moore,Conservative,Fundy Royal,RobMooreFundyRoyal,RobMoore_CPC,2890,60
Marty Morantz,Conservative,Charleswood — St. James — Assiniboia — Headingley,martymorantz,marty_morantz,4730,2399
Rob Morrison,Conservative,Kootenay — Columbia,morrisonformp,,3509,2429
Glen Motz,Conservative,Medicine Hat — Cardston — Warner,GlenMotz,GlenMotz,4793,4565
Cyma Musarat,Conservative,Pickering — Uxbridge,cmusarat,cmusarat,711,4037
John Nater,Conservative,Perth — Wellington,JohnNaterMP,JohnNaterMP,3469,6593
Nadirah Nazeer,Conservative,Beaches—East York,Nadirah-Nazeer-for-Beaches-East-York-2261519983911984,NadirahNazeer,2371,7139
Erin O’Toole,Conservative,Durham,erinotoolecpc,ErinOTooleMP,819,3654
Barry O’Brien,Conservative,Etobicoke — Lakeshore,,VoteBarry4EL,32,1305
Ted Opitz,Conservative,Etobicoke Centre,ted.opitz,TedOpitz,3838,501
Eddie Orrell,Conservative,Sydney — Victoria,EddieOrrellConservative,,6178,4881
Jeremy Patzer,Conservative,Cypress Hills — Grasslands,JeremyPatzerCPC,jp4cp,3707,335
Pierre Paul-Hus,Conservative,Charlesbourg — Haute-Saint-Charles,pierrepaulhus2015,PierrePaulHus,587,4778
Tom Pentefountas,Conservative,Laval — Les Îles,TomPentefountasPCC,,830,1083
Rick Perkins,Conservative,South Shore — St. Margarets,rickperkinsforSSSM,,424,3289
Randall Pewarchuk,Conservative,Esquimalt — Saanich — Sooke,randallpewarchukforesquimaltsaanichsooke,,2040,3862
Adam Pham,Conservative,Parkdale–High Park,AdamPhamforMP,,153,7965
Wayne Phelan,Conservative,Cardigan,wayne.phelan.14,,4202,2139
Jean-Pierre Pigeon,Conservative,Gaspésie — Les Îles-de-la-Madeleine,JeanPierrePIgeonPCC,JPierrePigeon,1238,267
Pierre Poilievre,Conservative,Carleton,PierrePoilievreMP,PierrePoilievre,1121,2741
Mario Provencher,Conservative,Abitibi — Témiscamingue,MarioProvencherPCC,MarioProvenche1,464,6742
Frank Pullia,Conservative,Thunder Bay — Superior North,pullia.frank,frank_pullia,561,148
Shinder Purewal,Conservative,Fleetwood — Port Kells,ShinderPurewalCPC,,2451,750
Helen Quan,Conservative,Vancouver Kingsway,helenquanvancouverkingsway,HelenQuan2019,2010,3969
Lisa Raitt,Conservative,Milton,CandidateRaitt,lraitt,1078,7017
Jasveen Rattan,Conservative,York South — Weston,jasveenrattanyorksouthweston,jasveenrattan,813,3376
Claire Rattée,Conservative,Skeena — Bulkley Valley,claireratteeskeenabulkleyvalley,ClaireRattee,5012,4331
Alain Rayes,Conservative,Richmond — Arthabaska,alainrayes,AlainRayes,2854,629
Brad Redekopp,Conservative,Saskatoon West,BradRedekoppYXE,BradRedekopp,6811,6201
Scott Reid,Conservative,Lanark — Frontenac — Kingston,ScottReidMP,ScottReidCPC,1605,3339
Michelle Rempel,Conservative,Calgary Nose Hill,michellerempelmp,MichelleRempel,4973,1744
Blake Richards,Conservative,Banff — Airdrie,blakerichards.ca,BlakeRichardsMP,4846,2691
Anna Roberts,Conservative,King–Vaughan,AnnaRoberts.CPC,VoteRoberts_CPC,280,3616
Yvonne Robertson,Conservative,Don Valley West,YRobertsonCA,YRobertsonCa,1150,187
Stéphane Robichaud,Conservative,Longueuil — Charles-LeMoyne,stephanerobichaudpcc,StefrobiPCC,3873,350
Claudio Rocchi,Conservative,LaSalle — Émard — Verdun,claudiorocchipcc,ClaudioRocchi1,193,94
Lianne Rood,Conservative,Lambton — Kent — Middlesex,,Lianne_Rood,2129,2911
Alex Ruff,Conservative,Bruce — Grey — Owen Sound,alexruffforbgos,AlexRuff17,1892,293
Linda Rydholm,Conservative,Thunder Bay — Rainy River,Linda-Rydholm-Conservative-Candidate-for-Thunder-Bay-Rainy-River-429943977597019,,2662,2784
Ashish Sachan,Conservative,Guelph,,drashsachan,2986,2572
Jagdeep Sahota,Conservative,Calgary Skyview,,,5377,6447
Johanna Sarfati,Conservative,Rosemont — La Petite-Patrie,johannasarfatipcc,,6969,431
Bob Saroya,Conservative,Markham — Unionville,BobSaroya,BobSaroya,1706,1040
Julie Sauvageau,Conservative,Montarville,JulieSauvageauPCC,,6257,1532
Martine Savoie,Conservative,Acadie — Bathurst,,,3595,4048
Andrew Saxton,Conservative,North Vancouver,andrewesaxton,Andrewesaxton,2489,3872
Jamie Schmale,Conservative,Haliburton — Kawartha Lakes — Brock,MPJamieSchmale,Jamie_Schmale,5405,4165
Kyle Seeback,Conservative,Dufferin — Caledon,kyleseeback,,1083,1950
Zach Segal,Conservative,Vancouver Granville,Zach-Segal-for-Vancouver-Granville-1555680881234355,vancouver_segal,1589,6811
Richard Serour,Conservative,Saint-Laurent,RichardSerourPCC,SerourRichard,757,172
Dany Sévigny,Conservative,Sherbrooke,DanySevignyPCC,,1446,666
Martin Shields,Conservative,Bow River,MartininBowRiver,MartinBowRiver,2380,3030
Nelly Shin,Conservative,Port Moody — Coquitlam,nellyshin.ca,,465,2594
Jay Shin,Conservative,Burnaby South,JayShinBurnabySouth,jayshin2019,512,97
Doug Shipley,Conservative,Barrie — Springwater — Oro-Medonte,DougShipleyBSOM,DougShipleyBSOM,1158,1439
Fred Shuman,Conservative,Halifax West,fredshumancpc,ForShuman,214,1988
Harpreet Singh,Conservative,Surrey — Newton,harpreetsinghcpc,harpreetcpc,3622,205
Ramona Singh,Conservative,Brampton East,RamonaToday,RamonaToday,405,1814
Bobby Singh,Conservative,Scarborough — Rouge Park,Bobby-For-Canada-Conservative-Party-of-Canada-Scarborough-Rouge-Park-253958051986727,BobbyForCanada,1752,3723
Jasraj Singh Hallan,Conservative,Calgary Forest Lawn,jasrajshallan,jasrajshallan,928,3031
Michael Skinner,Conservative,Peterborough — Kawartha,michaelskinnerptbo,mikeskinnerptbo,1784,3345
Derek Sloan,Conservative,Hastings — Lennox and Addington,ElectSloanHLA,DerekSloanCPC,8150,889
Jonas Smith,Conservative,Yukon,jonasjsmithyukon,jonasjsmith,318,472
Liz Snelgrove,Conservative,London West,LizSnelgroveCPC,LizSnelgroveCPC,977,5592
Gerald Soroka,Conservative,Yellowhead,,,2058,4077
Sonny Spina,Conservative,Sault Ste. Marie,SonnySpinaSSM,SonnySpina,1737,3151
Pierre St-Amant,Conservative,Sudbury,,,2800,2215
Brian St. Louis,Conservative,Nepean,BrianforNepean,BrianForNepean,2895,956
Bruce Stanton,Conservative,Simcoe North,brucestantonmp,bruce_stanton,4320,5273
Warren Steinley,Conservative,Regina — Lewvan,wsteinley,WSteinley_SP,7093,944
Stephen Stewart,Conservative,Malpeque,ElectStephenStewart,,3248,3065
Mark Strahl,Conservative,Chilliwack — Hope,MPmarkstrahl,markstrahl,6025,5922
Shannon Stubbs,Conservative,Lakeland,ShannonLakeland,ShannonStubbsMP,381,3250
David Sweet,Conservative,Flamborough — Glanbrook,davidsweetmp,DavidSweetMP,3515,277
Eli Tannis,Conservative,Ottawa South,votetannis,eli_tannis,1165,402
Hani Tawfilis,Conservative,Mississauga — Erin Mills,Votetawfilis,VoteTawfilis,1111,6000
Murarilal Thapliyal,Conservative,Brampton West,ThapliyalBW,thapliyalbw,1635,3300
Martin Thibert,Conservative,Saint-Jean,MartinThibertPCC,,4398,1026
Quintus Thuraisingham,Conservative,Scarborough — Guildwood,ElectQuintus,Qthu123,667,2124
Helen-Claire Tingling,Conservative,University — Rosedale,HelenClaireTinglingCPC,HCTingling,660,4090
Corey Tochor,Conservative,Saskatoon — University,ctochor,ctochor,2440,6404
Lawrence Toet,Conservative,Elmwood — Transcona,LawrenceDToet,lawrencetoet,5353,1261
David Tordjman,Conservative,Mount Royal,DavidTordjmanPCC,davidtordjmanpc,5029,3382
Natasha Tremblay,Conservative,Avignon — La Mitis — Matane — Matapédia,NatashaTremblayPCC,NatashaTrembla1,959,1842
Jae Truesdell,Conservative,Toronto — St. Paul’s,jaetruesdell,JaeTruesdell,261,624
Tim Uppal,Conservative,Edmonton Mill Woods,TimSUppal,TimUppal,5932,3726
Michael van Holst,Conservative,London — Fanshawe,vanholstCPC,mikevanholst,1790,4068
Tako van Popta,Conservative,Langley — Aldergrove,electtako,takovanpopta,97,1897
Tom Varughese,Conservative,Mississauga — Malton,MississaugaMaltonCPC,TomVarughese4,2135,2495
Karen Vecchio,Conservative,Elgin — Middlesex — London,karenvecchiomp,karen_vecchio,3514,421
Megan Veck,Conservative,New Westminster — Burnaby,MeganVeck,MeganVeck,153,6609
Sophie Veilleux,Conservative,Papineau,SophieVeilleuxPCC,VeilleuxSophie,1128,2077
Gary Vidal,Conservative,Desnethé — Missinippi — Churchill River,GaryAVidal,GaryAVidal,4246,1317
Arnold Viersen,Conservative,Peace River — Westlock,mparnoldviersen,ArnoldViersen,2987,4570
Brad Vis,Conservative,Mission — Matsqui — Fraser Canyon,BradVisForMMFC2019,BradleyVis,1389,2887
Sharon Vokey,Conservative,Bonavista — Burin — Trinity,,,3254,394
Cathay Wagantall,Conservative,Yorkton — Melville,CathayWagantallMP,cathayw,3711,1440
Krystina Waler,Conservative,St. Catharines,KrystinaWaler,KrystinaWaler,5358,7134
Joedy Wall,Conservative,St. John’s East,JoedyRWall,wall_joedy,125,3715
Chris Warkentin,Conservative,Grande Prairie — Mackenzie,chriswarkentin,chriswarkentin,193,3847
Kevin Waugh,Conservative,Saskatoon — Grasswood,kevinwaughmp,KevinWaugh_CPC,6207,2212
Len Webber,Conservative,Calgary Confederation,lenwebberyyc,Webber4Confed,1485,2129
Sean Weir,Conservative,Oakville North — Burlington,SeanWeirONB,SeanWeirONB,247,1021
Rodney Weston,Conservative,Saint John — Rothesay,rodneywestonsj,,945,2901
John Williamson,Conservative,New Brunswick Southwest,johnwilliamsonNB,JohnW_NB,5574,2189
Dave Williamson,Conservative,Algoma — Manitoulin — Kapuskasing,,,1558,2559
Rachel Willson,Conservative,York Centre,RachelWillson.YorkCentre,rachelbwillson,495,3906
Alice Wong,Conservative,Richmond Centre,HonAliceWong,AliceWongCanada,4089,3418
Stephen Woodworth,Conservative,Kitchener Centre,WoodworthCPC,Woodworth1CPC,643,71
Ruslan Yakoviychuk,Conservative,Kingston and the Islands,ryakoviychuk,RYakoviychuk,678,794
Terence Young,Conservative,Oakville,Young4Oakville,Young4Oakville,578,133
Wai Young,Conservative,Vancouver South,waiyoungvancouver,WaiYoung,366,17
Alex Yuan,Conservative,Markham — Thornhill,alexyuan2019,AlexyuanCPC,1390,574
David Yurdiga,Conservative,Fort McMurray — Cold Lake,MPYURDIGA,DavidYurdiga,187,257
Jerry Zhang,Conservative,Waterloo,jerryzwaterloo,jerryzwaterloo,2106,973
Bob Zimmer,Conservative,Prince George — Peace River — Northern Rockies,bobzimmercpc,bobzimmermp,4454,1259
Giovanni Abati,Green,Windsor—Tecumseh,,,1840,628
Jennifer Alderson,Green,Essex,,,8748,5194
Nahed AlShawa,Green,Salaberry—Suroît,,,634,2417
Raheem Aman,Green,Stormont—Dundas—South Glengarry,,,44,4658
Brogan Anderson,Green,Kings—Hants,anderson4greens,anderson4greens,109,2195
Jonathan  Arnold,Green,York—Simcoe,,,6445,7414
Payton Ashe,Green,Bourassa,PaytonAshePVC,,160,6483
Travis Ashley,Green,Kelowna—Lake Country,,,5773,4563
Jenica Atwin,Green,Fredericton,ELECTJENICA,JenicaAtwin,972,2496
Jamil Azzaoui,Green,Laurier—Sainte-Marie,,,2053,1859
Clement Badra,Green,Mount Royal,ClementBadra.PVC.GPC,,3893,7444
Tanya Baertl,Green,Fleetwood—Port Kells,,,1846,1280
Walter Bauer,Green,Newmarket—Aurora,GreenWalterBauer,WalterB23697518,782,3745
Glen Beaton,Green,Cardigan,,,1501,513
Normand Beaudet,Green,Thérèse-De Blainville,,,120,2278
Diane Beauregard,Green,Repentigny,,,3428,2018
James  Beddome,Green,Winnipeg-South Centre,,,6192,3487
Aline Bégin,Green,Abitibi—Témiscamingue,Aline-Bégin-860871524020806,alinebegin,580,5
Frédérik Bernier,Green,Drummond,,,5399,728
Claude Bertrand,Green,Pontiac,ClaudeBertrandCandidatPontiac,BertrandGreen,3189,215
Louis Bérubé,Green,Madawaska—Restigouche,,,4407,8227
Paul Bettess,Green,Winnipeg South,,,1665,1565
Lisa Birtch-Carriere,Green,Oxford,voteLisaCarriere,lisac_gpc,611,5781
Jason Blanch,Green,Cumberland—Colchester,jasonblanchgreenparty,jasonblanch,3526,19
Thana Boonlert,Green,Calgary Centre,thana4yyc,thana4yyc,2333,7525
Ceylan Borgers,Green,Rivière-des-Mille-Îles,,,1272,27
Conner Borlé,Green,Red Deer—Mountain View,connerborlegpc,BorleGpc,3925,2329
Remo Boscarino-Gaetano,Green,Mississauga—Erin Mills,,Remo_Bosco,4932,28
Lyne Bourdages,Green,Jonquière,,,45,4414
Louise Boutin,Green,Vancouver Granville,louisevancouvergranville,VoteLouise2019,293,3745
Michele Braniff,Green,Cambridge,,,5788,6895
Jesse Brown,Green,Vancouver Centre,votejesse2019,votejesse2019,174,744
Abra Brynne,Green,Kootenay—Columbia,,,537,302
Teresa Burgess-Ogilvie,Green,Brampton East,,,6880,58
Bridget Burns,Green,Vancouver East,votebridgetb,votebridgetb,1394,1986
Kiara Cabana-Whiteley,Green,Abitibi—Baie-James—Nunavik—Eeyou,,,92,360
Amanda Cain,Green,Scarborough Southwest,AskAmandaCain,AskAmandaCain,2912,1001
Chris Caldwell,Green,Etobicoke—Lakeshore,,,1400,549
Nick  Capra,Green,Parkdale—High Park,nickcapragpc,nickcapra_gpc,3437,4299
William Carnegie,Green,Calgary Forest Lawn,,,1852,1083
Pierre Carrier,Green,Beloeil—Chambly,,,130,7843
Danny Celovsky,Green,Bay of Quinte,,,217,22
Gaël Chantrel,Green,Laurentides—Labelle,Gaelchantrelpartivert,ChantrelG,1721,6233
Max Chapman,Green,Algoma—Manitoulin—Kapuskasing,MaxChapmanAMK,MaxChapmanAMK,2272,56
Nicole Charette,Green,Mégantic—L'Érable,,,3268,5478
Andre-Philippe Chenail,Green,Saint-Jean,,,2736,1350
Candice Christmas,Green,Kingston and the Islands,,,363,1431
Alex Clark,Green,Egmont,AlexEgmont,,118,8965
Bill Clary,Green,Cypress Hills—Grasslands,,,1898,9084
Sarah Climenhaga,Green,Toronto—St. Paul’s,,sarahc_toronto,73,32
Tyler Colbourne,Green,Labrador,,,231,33
Hannah Conover-Arthurs,Green,Davenport,,,561,12
Jean-Luc Cooke,Green,Nepean,votejeanluc,votejeanluc,453,1828
Elke Crosson,Green,Lakeland,,,399,5796
William Crumplin,Green,Sudbury,,,3413,6400
Tom Cull,Green,London—Fanshawe,TomCullGreen,waltercull,1058,5790
Iain Currie,Green,Kamloops—Thompson—Cariboo,iaincurrie2019,IainCurrie4MP,1411,2293
Domenic Cusmano,Green,Honoré-Mercier,,,209,505
Liana Canton Cusmano,Green,Ville-Marie—Le Sud-Ouest—Île-des-Soeurs,,,2576,825
Norbert D'Costa,Green,Brampton North,,,3484,5604
Normand Dallaire,Green,Brome—Missisquoi,,,2776,1722
Mark de Bruijn,Green,North Island—Powell River,,,3864,6401
Greg De Luca,Green,Brossard—Saint-Lambert,gregthegreenman,GregTheGreenMan,1646,2732
Suzanne De montigny,Green,New Westminster—Burnaby,,,2214,598
Reuben  DeBoer,Green,Eglinton—Lawrence,,,805,7138
Craig DeCraene,Green,Delta,voteforcraigdecraene,DeCraeneGPC,4329,585
Brian Deheer,Green,Fort McMurray—Cold Lake,Brian-Deheer-for-Fort-McMurray-Cold-Lake-517026418424952,,2194,6894
Patty Deitch,Green,Miramichi—Grand Lake,,,735,7752
Jean Désy,Green,Rosemont—La Petite-Patrie,PartivertduCanadaRPP,,4196,516
Dale Dewar,Green,Regina—Qu'Appelle,,,253,4268
Macarena Diab,Green,Louis-Hébert,macarenaPVQ,macarenadiab,5975,2169
Guy Dostaler,Green,Gatineau,guygreenpartyofcanada,,808,473
Clive Doucet,Green,Cape Breton—Canso,,CliveDoucet,6051,3993
Dennis Drainville,Green,Gaspésie—Les Îles-de-la-Madeleine,,,773,697
Stéphanie Dufresne,Green,Saint-Maurice—Champlain,StephanieDufresnePartiVert,,3629,4255
Rob Dunbar,Green,St. Albert—Edmonton,,,3390,2972
Marie Duplessis,Green,Trois-Rivières,,,684,357
Steven Dyck,Green,Guelph,SteveForGuelph,SteveDyck,8633,5486
Carol Dyck,Green,London North Centre,CarolDyckGPC,CarolDyckGPC,6031,2749
Anthony Edmonds,Green,Sackville—Preston—Chezzetcook,,aledmonds,6501,6210
Beverley Eert,Green,Portage—Lisgar,PortageLisgarGreenParty,PL_GreenParty,5459,1354
Dalila  Elhak,Green,Beauport—Limoilou,Dalila-Elhak-Parti-vert-du-Canada-1288844434603156,,152,1803
James Elwick,Green,Oakville,oakvillegpc,gpcoakville,1156,9886
Janet Errygers,Green,Flamborough—Glanbrook,,,5382,6458
Paul Falvo,Green,Northwest Territories,,NWTGreen,152,1501
Kaija Farstad,Green,Langley—Aldergrove,Kaija-Farstad-Green-Party-Candidate-Langley-Aldergrove-680117862456705,,6547,5089
Franco Fiori,Green,La Pointe-de-l'Île,,,4258,443
Timothy Flemming,Green,Aurora—Oak Ridges—Richmond Hill,,,381,37
Peter Forint,Green,Pickering—Uxbridge,peterforint.ca,PeterForint,691,2527
Josiane Fortin,Green,Beauce,JosianeFortinBeauce,,2975,290
Lois Foster,Green,Sydney—Victoria,,,515,3247
Stephen Fowler,Green,Abbotsford,,,102,2319
Elizabeth  Fraser,Green,Haliburton—Kawartha Lakes—Brock,elizabethfrasergpc,ElizabethF_GPC,4470,5423
Karen Fraser,Green,Brampton South,KarenFraserGreenParty,karenfraser52,1623,4802
Tamela Friesen,Green,Regina—Wascana,tamela.friesen,TamelaFriesenGP,1308,1295
Raquel Fronte,Green,Vaughan—Woodbridge,,,1548,1288
Victoria Galea,Green,Hamilton West—Ancaster—Dundas,Victoria.GreenParty,vote_victoria,1106,8258
Dany Gariépy,Green,Pierre-Boucher—Les Patriotes—Verchères,,,1629,289
Marie-Claude  Gaudet,Green,Portneuf—Jacques-Cartier,,,4300,4980
Jacques Gélineau,Green,Manicouagan,,,4568,1157
Nancy Ghuman,Green,Etobicoke North,,,128,3295
Daniel Giavedoni,Green,Don Valley North,,,6000,1248
Janine Gibson,Green,Provencher,,,3186,857
Dean Gibson,Green,Carlton Trail—Eagle Creek,,,1782,1971
Stephanie Goertz,Green,Kitchener—Conestoga,GoertzSteph,GoertzSteph,655,5281
Alexander Gomm,Green,Nipissing—Timiskaming,greenparty.nipissing,NipTimGreens,6577,919
Mathieu Goyette,Green,Montcalm,,,2017,2079
Tim Grant,Green,University—Rosedale,,,353,1980
Robert Green,Green,Notre-Dame-de-Grâce—Westmount,RobertGreenPartiVert,RobertGreenPVC,11,1627
Arthur Green,Green,Chilliwack—Hope,,,414,3192
Daniel Green,Green,Outremont,DanielGreen.PVC,DanielGreen_PVC,2462,7849
Judy Green,Green,West Nova,judyngreenforwestnova,rawngreen,1314,1731
Jocelyn Grosse,Green,Calgary Nose Hill,,,1723,4057
Richard Guertin,Green,Beauport—Côte-de-Beaupré—Île d’Orléans—Charlevoix,,,3726,4286
Meryam Haddad,Green,Châteauguay—Lacolle,,,92,2812
Jessica Hamilton,Green,Scarborough—Rouge Park,,,2207,537
Shannon Hawthorne,Green,Medicine Hat—Cardston—Warner,ShannonforMP,shannonhawt,261,990
Eleanor Hayward,Green,Milton,miltongreenparty,eleanorhayward4,5691,5549
Alexandra Hayward,Green,St. John's South—Mount Pearl,,,2722,490
Ericha Hendel,Green,Elgin—Middlesex—London,,,3365,1624
Tanya Herbert,Green,Edmonton Mill Woods,tanyaherbertgpc,,2604,3271
Chris Hill,Green,Mississauga—Streetsville,,,2156,6393
Beverly (Pixie) Hobby,Green,South Surrey—White Rock,PixieHobbySSWRGreens,PixieHobbyGPC,2778,7598
Mary Ann Hodge,Green,London West,,,50,2859
Laura Horth-Lepage,Green,Richmond—Arthabaska,,,1954,4430
Michael Houghton,Green,Oakville North—Burlington,,,327,3353
Marguerite Howells,Green,Alfred-Pellan,,,1872,809
Tara Howse,Green,South Okanagan—West Kootenay,taralynhowse,taralynhowse,3483,1093
Sabrina Huet-Côté,Green,Saint-Hyacinthe—Bagot,,,5744,2110
Quinn Hunt,Green,Windsor West,,huntquinn,1474,7238
Naomi  Hunter,Green,Regina—Lewvan,NaomiHunterGPC,GPChunter,79,81
Lydia Hwitsum,Green,Cowichan—Malahat—Langford,,,1165,2949
Bruce Hyer,Green,Thunder Bay—Superior North,brucehyer,brucehyer,628,742
Nicole Iaci,Green,Steveston—Richmond East,,IaciNicole,2437,2400
Sherri Jackson,Green,Simcoe—Grey,,,2799,4102
Wayne James,Green,Selkirk—Interlake—Eastman,,,3910,583
Ariane Jaschke,Green,Pitt Meadows—Maple Ridge,arianejaschkegreenparty,,725,519
Barbara Joannette,Green,La Prairie,,,758,304
Luc Joli-Coeur,Green,Québec,lucJCPVC,,8853,2969
Susan Jonah,Green,New Brunswick Southwest,,,2464,5494
Bob Jonkman,Green,Brantford—Brant,BobJonkmanGPC,BobJonkmanGPC,576,1037
Michael Kalmanovitch,Green,Edmonton Strathcona,,,2671,992
Elvin Kao,Green,Markham—Unionville,ElvinKaoNow,elvinkao,59,7649
Anna Keenan,Green,Malpeque,,annackeenan,174,7055
Angela Keller-Herzog,Green,Ottawa-Centre,angelaottawacentre,akellerherzog,827,353
Claire Kelly,Green,Moncton—Riverview—Dieppe,clairekellyCAN,clairekellyCAN,7127,503
Catharine Kendall,Green,Prince George—Peace River—Northern Rockies,,,3346,685
Max Kennedy,Green,Timmins—James Bay,,MaxKennedyGreen,1015,1618
Valerie Kennedy,Green,Edmonton Riverbend,,4valeriekennedy,4008,181
Patrick  Kerr,Green,Lévis—Lotbinière,,,2382,576
Mackenzie Kerr,Green,Cariboo—Prince George,,mackenzieforMP,287,521
Rabaab Khehra,Green,Surrey—Newton,,,7704,784
John Kidder,Green,Mission—Matsqui—Fraser Canyon,John-Kidder-Green-Party-of-Canada-381858168579911,,442,366
David Kim-Cragg,Green,Battlefords—Lloydminster,,,924,4707
Amanda Kistindey,Green,Don Valley West,,,2215,1672
Maia Knight,Green,Ajax,maiaknightgpc,,1820,3291
Lucas Knill,Green,Long Range Mountains,,,9081,1850
Ichha Kohli,Green,Richmond Hill,,,2585,74
Georgia Kokotsis,Green,Saint-Laurent,,georgiakokotsis,4295,151
Milan Kona-Mancini,Green,Lac-Saint-Louis,milankonamancini,MKonaMancini,5394,453
Racelle Kooy,Green,Victoria,racellekooy,racellekooy,3359,561
Stephen Kotze,Green,Lanark—Frontenac—Kingston,stephenkotzegreencandidate,,534,4831
Sarah Kraynick,Green,Desnethé—Missinippi—Churchill River,sarahkraynick.GPC,sarahk_gpc,5507,3262
Gordon Kubanek,Green,Carleton,GordonJKubanek,gordonjkubanek,1321,1548
Amita Kuttner,Green,Burnaby North—Seymour,AmitaKuttnerOfficial,amitakuttner,5023,8645
Bridget Lacey,Green,Foothills,,,80,76
Éric Laferrière,Green,Berthier—Maskinongé,,,1037,4036
Casey Lalonde,Green,Nickel Belt,,,3819,2327
Marty Lancaster,Green,Barrie—Springwater—Oro-Medonte,greenpartymarty,gp_marty,81,5123
Darcie Lanthier,Green,Charlottetown,GreenCharlottetown,DarcieLanthier,4935,268
Jean-Michel Lavarenne,Green,Ahuntsic-Cartierville,,,631,112
Jocelyn Leckman,Green,Rivière-du-Nord,,JoeyLeckman,1696,8279
Marthe Lépine,Green,Glengarry—Prescott—Russell,,,3024,938
Anthony Li,Green,Lambton—Kent—Middlesex,anthonytonyli,anthonytonyli,1270,1496
Ben Linnick,Green,Saint-Boniface—Saint-Vital,benlinnickstb,bennydelnorte,750,5492
Roy Long,Green,Markham—Stouffville,,,7680,5666
Jason Lopez,Green,Hamilton Centre,,jlopezhamilton,520,1148
Romana Lyon,Green,York Centre,,,3474,188
Andrew MacGregor,Green,Peterborough—Kawartha,andrewGPCpeterboroughkawartha,,5735,483
Lil MacPherson,Green,Dartmouth—Cole Harbour,,,617,1411
Sari Madi,Green,Laval—Les Îles,SariMadi.PVC,SariMadiPVC,4462,880
Dean Maher,Green,Spadina—Fort York,,,1808,1803
Réjean Malette,Green,Dorval—Lachine—LaSalle,,,450,5059
Greg Malone,Green,Avalon,,,7701,5658
Paul Manly,Green,Nanaimo—Ladysmith,VoteforPaulManly,paulmanly,869,1353
Sean Manners,Green,Beaches—East York,,,1493,7
Brooke Martin,Green,Haldimand—Norfolk,BrookeMartinforHaldimandNorfolkMP,Brookemartin_13,344,91
Ralph Martin,Green,Wellington—Halton Hills,ralphmartin.gpc,,645,1026
Travis Mason,Green,St. Catharines,travismasonstcatharinesgreenparty,MasonTV,9255,1246
Elizabeth May,Green,Saanich—Gulf Islands,ElizabethMayGreenLeader,elizabethmay,3216,4457
Ann McAllister,Green,Saint John—Rothesay,ann.mcallister.rothesay,AnnRothesay,5166,6565
Geo McLean,Green,Sault Ste. Marie,greengeomclean,greengeomclean,468,26
Ralph McLean,Green,Churchill—Keewatinook Aski,Ralph-McLean-Green-Party-of-Canada-Churchill-Keewatinook-Aski-939816012749751,,8620,860
Tara McMahon,Green,Scarborough—Guildwood,,,193,3381
Robert Mellalieu,Green,Central Okanagan—Similkameen—Nicola,COSNGreen,VoteForRobCOSN,5592,5120
Jency Mercier,Green,LaSalle—Émard—Verdun,,,2130,2856
Judy Mergel,Green,Souris—Moose Mountain,,,6920,499
David Merner,Green,Esquimalt—Saanich—Sooke,DavidMernerESS,DavidMerner,8546,4713
Gord Miller,Green,Parry Sound—Muskoka,,,846,5153
Rowan Miller,Green,Tobique—Mactaquac,RM4TM,,1336,2567
Lisa Mintz,Green,Pierrefonds—Dollard,,,656,7948
Amanda Moddejonge,Green,Thunder Bay—Rainy River,,,5456,2726
Samuel Moisan-Domm,Green,Charlesbourg—Haute-Saint-Charles,pvc.samuel.moisandomm,,735,5849
Réjean  Monette,Green,Terrebonne,,,7500,2640
Robert D. Morais,Green,Hochelaga,PVCHochelaga,,6731,3681
Mathieu Morin,Green,Sherbrooke,Mathieu.Morin.Vert,,2705,154
Mike Morrice,Green,Kitchener Centre,Morrice2019,morricemike,2839,806
Lenore Morris,Green,Yukon,,,7085,735
James Morrison,Green,Avignon—La Mitis—Matane—Matapédia,,,552,485
Austin Mullins,Green,Banff—Airdrie,austinmullinsGPC,ausjermullins,859,975
Grad Murray,Green,Edmonton Centre,,,3080,989
Pierre Nantel,Green,Longueuil—Saint-Hubert,,,7903,1254
Geordie Nelson,Green,Battle River—Crowfoot,,,77,7075
Oriana Ngabirano,Green,Ottawa—Vanier,voteorianaott,orianatweet,4018,1403
Brad Nickason,Green,Coquitlam—Port Coquitlam,,,104,2260
Jan Norris,Green,Saskatoon—University,,,1336,735
Bonnie North,Green,Barrie—Innisfil,BonnieNorthGP,BonnieNorthGP,2521,1262
Caelum Nutbrown,Green,Cloverdale—Langley City,greens.nutbrown,,213,1468
Peter Nygaard,Green,Peace River—Westlock,,,5953,6900
Sandra O'Connor,Green,Niagara Falls,sandraoconnorniagarafallsgreenparty,SandraONFGreens,1162,1754
Natalie Odd,Green,Calgary Confederation,natalieoddyyc,natalieodd,1818,199
Peter Ormond,Green,Hamilton East—Stoney Creek,greenparty.peterormond,Peter_Ormond,718,26
George Orr,Green,North Vancouver,,,53,2679
Annamie Paul,Green,Toronto Centre,TOCentreGreens,AnnamiePaul,3828,857
Jean-Charles Pelland,Green,Montarville,,,4095,6109
David Peters,Green,St. John's East,,,2964,1298
Michelle Petersen,Green,Orléans,,,6047,4400
Ian Pineau,Green,Renfrew—Nipissing—Pembroke,,,3052,596
Érica Poirier,Green,Joliette,,,22,7095
Josée Poirier Defoy,Green,Hull—Aylmer,,,752,693
Casandra  Poitras,Green,Longueuil—Charles-LeMoyne,,,2526,8993
Christina Porter,Green,Mississauga—Malton,,,731,3073
Evan Price,Green,Durham,VoteEvanPrice,_evanp,8158,6362
Jennifer Purdy,Green,Kanata—Carleton,Dr-Jennifer-Purdy-Green-Party-Candidate-Federal-for-Kanata-Carleton-1215566838622419,purdygreenKC,1402,338
Faiza R'Guiba,Green,Vimy,,,1088,1594
Josh Rachlis,Green,Thornhill,,,158,1301
Sai Shanthanand Rajagopal,Green,Winnipeg-Nord,,,111,503
Kirsi Ralko,Green,Kenora,,,187,1638
Randi Ramdeen,Green,Scarborough—Agincourt,,,1102,4129
Jovannah Ramsden,Green,Oshawa,,,6823,1365
Barry Randle,Green,Central Nova,BarryForGreens,,2017,1379
Ann Raney,Green,King—Vaughan,kvgreens,annraneykv,3495,2364
Maha Rasheed,Green,Mississauga East—Cooksville,,,1490,2039
Françoise  Raunet,Green,Richmond Centre,,,389,2
Rylan Reed,Green,Kildonan—St. Paul,,,2927,768
Kelsey Reichel,Green,Bonavista—Burin—Trinity,,,1378,290
Marc Reinarz,Green,North Okanagan—Shuswap,,,152,103
Hugo Reinoso,Green,Mississauga Centre,hurei4mississauga,hurei4mississau,4921,772
Laura Reinsborough,Green,Beauséjour,Beausejour2019,,8358,1935
Lorraine Rekmans,Green,Leeds—Grenville—Thousand Islands and Rideau Lakes,votelorrainerekmans,Goddessonloose,3908,1412
Sandra Riedo,Green,Louis-Saint-Laurent,sandramarariedopvq,sandrariedo,3416,2639
Jocelyn Rioux,Green,Rimouski-Neigette—Témiscouata—Les Basques,,,1963,7083
Jo-Ann Roberts,Green,Halifax,GreenJoAnnRoberts,joannrobertshfx,823,1184
Cass Romyn,Green,Sturgeon River—Parkland,SRPGPC,ed75green,3860,3661
Jean Rousseau,Green,Compton—Stanstead,JeanRousseauPVC,,3578,2639
Douglas Roy,Green,Nunavut,,,342,394
Angelena Satdeo,Green,Yellowhead,,,936,3584
Micheal Sawyer,Green,Skeena—Bulkley Valley,,,1433,1976
Mike Schmitz,Green,Humber River—Black Creek,,,2642,431
Les Schram,Green,Ottawa South,,,8577,1820
Cameron Semple,Green,Etobicoke Centre,GP.ETOBCEN,GP_EtobCen,2031,4460
Shawn Setyo,Green,Saskatoon West,,,3839,592
Andrea Shalay,Green,Winnipeg Centre,,,3521,6641
Collan Simmons,Green,Perth—Wellington,Collan-Simmons-Perth-Wellington-Federal-Green-Party-EDA-362629784335166,Csimmons21,7096,445
Neil Sinclair,Green,Saskatoon—Grasswood,,,2729,1165
Paul Slavchenko,Green,Whitby,,,1717,541
Peter Smith,Green,Sarnia—Lambton,,,2269,3915
David Stibbe,Green,Ottawa West—Nepean,,,4777,1106
Cameron Stiff,Green,Vaudreuil—Soulanges,,camstiff_vert,745,4679
Katharine  Storey,Green,Dauphin—Swan River—Neepawa,,KateStorey_,3712,1758
Alessandra Szilagyi,Green,Saint-Léonard—Saint-Michel,AlessandraGPC,,3418,500
Evelyn Tanaka,Green,Calgary Shepard,EvTanakaforCalgaryShepard,,1347,1877
Lawrence Taylor,Green,Vancouver Kingsway,,,811,3616
Dana  Taylor,Green,West Vancouver—Sunshine Coast—Sea to Sky Country,,,4298,2843
Terry Teather,Green,Niagara West,,,2832,986
Tim Thompson,Green,Fundy Royal,TimThompsonForFundyRoyal,,1158,1295
Pauline Thornham,Green,Brampton Centre,,,105,2359
Bill Tiessen,Green,Brandon—Souris,bill.for.mp,booksguybill,2642,931
Chris Tolley,Green,Toronto—Danforth,ChrisTolleyGreen,christolley,2761,426
Michael Tomaino,Green,Niagara Centre,michaeltomainoniagaracentregreenparty,MichaelPTomaino,6698,1744
Bao Tran Le,Green,Marc-Aurèle-Fortin,,,56,629
Thomas Trappenberg,Green,South Shore—St. Margarets,,ttrappenberg,981,949
Julie  Tremblay,Green,Mirabel,,,345,2373
Cynthia Trentelman,Green,Mississauga—Lakeshore,cynthia4greens,CCTrentelman,880,267
Riny Tuithof de Jonge,Green,Bow River,,,989,7609
Allison  Tulick,Green,Calgary Heritage,,,598,7019
David Turcotte,Green,Bécancour—Nicolet—Saurel,,,6601,3033
Dan Turcotte,Green,Don Valley East,Dan4Greens,Dan4Greens,4583,299
Katherine Turgeon,Green,Shefford,Katherine-Turgeon-Parti-Vert-du-Canada-401036310465280,,1936,2218
David Urquhart,Green,Hamilton Mountain,Dave-Urquhart-for-Hamilton-Mountain-107263313965726,DaveUrquhartGP,371,1523
Marjorie Valiquette,Green,Argenteuil—La Petite-Nation,,,4702,1439
Danielle Valiquette,Green,Bruce—Grey—Owen Sound,,,832,2650
Chris Vallee,Green,Edmonton Manning,,,172,84
Juan Vazquez,Green,Papineau,PartiVertGreenPartyPapineau,Chitacosmico7,3504,7679
Avery Velez,Green,Scarborough North,,,1679,864
Mark Vercouteren,Green,Chatham—Kent—Leamington,,,4061,697
Sharolyn Mathieu Vettese,Green,Willowdale,,,7792,110
André Voyer,Green,Bellechasse—Les Etchemins—Lévis,AndreVoyerPartiVert,,1468,1671
Gillian Walker,Green,Moose Jaw—Lake Centre—Lanigan,,,824,2820
Nicki Ward,Green,York South—Weston,Nicki-Ward-MP-Candidate-York-South-Weston-115515193147877,nicki_ward,3980,338
Stephnie Watson,Green,Lethbridge,,,1680,2937
Sari Watson,Green,Hastings—Lennox and Addington,,,413,5334
Bryce Watts,Green,Port Moody—Coquitlam,,brycemwatts,6209,1142
Brennan Wauters,Green,Burnaby South,brennanwauters,brennanwauters,1665,2775
David Weber,Green,Kitchener South—Hespeler,DavidWeberGPO,davidwebergreen,2427,7696
Nicholas Wendler,Green,Huron—Bruce,HBGreenNick,,624,5967
John Werring,Green,Surrey Centre,,,7389,5035
Jeff Wheeldon,Green,Northumberland—Peterborough South,GreenPartyNPS,Jeff_Wheeldon,2046,7361
Byron White,Green,Coast of Bays—Central—Notre Dame,,,3031,4
Stacey Wiebe,Green,Yorkton—Melville,,,3471,6085
Stefan Wiesen,Green,Dufferin—Caledon,,,2549,2864
Christopher Williams,Green,Markham—Thornhill,,,287,361
Gareth Williams,Green,Burlington,williamsgarethe,WilliamsGarethE,766,144
Sean Wood,Green,Courtenay—Alberni,VoteforSeanWood,seanWood4Greens,952,1121
Kirsten Wright,Green,Waterloo,kirstenllwright,kirstenllwright,2671,1294
Geoff Wright,Green,Vancouver Quadra,,,1433,589
Catriona Wright,Green,Calgary Rocky Ridge,WrightforRockyRidge,CatsWright1,625,270
Lynda Youde,Green,Chicoutimi—Le Fjord,,,75,2919
Judith Zaichkowsky,Green,Vancouver South,VanSouthGPC,votejudyz,5629,1448
Richard Zurawski,Green,Halifax West,,,1234,5499
Anna Betty  Achneepineskum,NDP,Thunder Bay—Superior North,betty.achneepineskum,,6564,27
Jerome  Adamo,NDP,Oakville,Jerome4Oakville,Jerome4Oakville,546,2802
Khalis Ahmed,NDP,Calgary Signal Hill,,,1935,5357
Ray Aldinger,NDP,Regina--Qu'Appelle,,,1649,11
Vassif Aliev,NDP,Vimy,vassifaliev,,5754,2229
Malcolm  Allen,NDP,Niagara Centre,malcolmallenndp,NDPMalcolmAllen,672,289
Erin Alyward,NDP,Grande Prairie--Mackenzie,,,831,1452
Randy  Anderson-Fennell,NDP,Delta,randyandersonfennellndp,unsung32,7489,917
Charlie Angus,NDP,Timmins–James Bay,CharlieAngus2019,CharlieAngusNDP,218,7190
Niki  Ashton,NDP,Churchill—Keewatinook Aski,MPNikiAshton,nikiashton,2113,6353
Robert  Aubin,NDP,Trois-Rivières,,,2448,2814
Marc Audet,NDP,Brossard–Saint-Lambert,MarcAudetNPD,marcaudet67,5727,8692
Maria Augimeri,NDP,Humber River–Black Creek,MariaAugimeri,MariaAugimeri,1615,699
Paulina Ayala,NDP,Saint-Léonard–Saint-Michel,,,10,5769
Taylor Bachrach,NDP,Skeena—Bulkley Valley,taylorbachrach1,taylorbachrach,3003,39
Eric-Abel Baland,NDP,Mount Royal,,,3940,4871
Rae Banwarie,NDP,Cloverdale–Langley City,cloverdale.langley.ndp,banwarierae,314,2563
Brian  Barker,NDP,Niagara Falls,brianbarkerniagara,bbarker77,7735,2376
Andrew Bascombe,NDP,Wellington--Halton Hills,,,5807,2133
Lynn Beaulieu,NDP,Gaspésie–Les Îles-de-la-Madeleine,lynnbeaulieunpd,,420,1724
Mary Beckett,NDP,Northwest Territories,Mary-Beckett-NDP-Candidate-for-the-Northwest-Territories-101204331269911,marybeckettndp,4573,2624
Stephanie  Bell,NDP,Bay of Quinte,,,4217,853
Justine Bell,NDP,North Vancouver,justinebellforNorthVan,justinegbell,3137,2546
Sheri Benson,NDP,Saskatoon West,sheribensonndp,sherirbenson,560,153
Emilio Bernardo-Ciddio,NDP,King--Vaughan,,,416,7897
Daniel Blaikie,NDP,Elmwood—Transcona,BlaikieDaniel,daniel_blaikie,1317,379
Rachel Blaney,NDP,North Island—Powell River,Rachel.a.blaney,RABlaney,1947,295
Shandi Bleiken,NDP,Lethbridge,ShandiBleiken,ShandiBleiken,245,319
Barthelemy Boisguerin,NDP,Saint-Maurice--Champlain,,,217,127
Jordan Boswell,NDP,Brampton Centre,jordanboswellndp,jordanboswell_,1553,1664
Alexandre  Boulerice,NDP,Rosemont--La-Petite-Patrie,alexandreboulerice,,2738,212
Rob Boulet,NDP,Nipissing–Timiskaming,RobBouletNipissing,,866,7065
Guillaume Bourdeau,NDP,Charlesbourg—Haute-Saint-Charles,,,6161,1886
Kristine Bowman,NDP,Yellowhead,,,2167,2688
Ruth Ellen  Brosseau,NDP,Berthier—Maskinongé,RuthEllenBrosseau,RE_Brosseau,1802,1652
Aaron Brown,NDP,Aurora–Oak Ridges–Richmond Hill,,aaronbrownNDP,152,7276
Allison Brown,NDP,Dufferin–Caledon,,AllisonBrownNDP,3237,6993
Tommy Bureau,NDP,Québec,tommybureauNPD,,304,5067
Jessica Buresi,NDP,Calgary Centre,,,540,4469
Joe Byrne,NDP,Charlottetown,,,3938,1076
Jasmine Calix,NDP,Carlton Trail--Eagle Creek,,,4168,2739
Lori  Campbell,NDP,Waterloo,CampbellforNDP,campbelllor,1466,404
Richard Cannings,NDP,South Okanagan—West Kootenay,richardjcannings,CanningsNDP,382,77
Claire Card,NDP,Saskatoon–University,ClaireCardNDP,ClaireCard,157,6322
Guy Caron,NDP,Rimouski-Neigette–Témiscouata–Les Basques,GuyCaronNPD,GuyCaronNPD,1548,3782
Andrew Cash,NDP,Davenport,cashfortoronto,andrewcash,4117,2488
Bob  Chamberlin,NDP,Nanaimo—Ladysmith,VoteforBobChamberlin,BobC4NDP,1059,1687
Matthew  Chambers,NDP,Oxford,,MatthewNewDem,1795,2654
Brian  Chang,NDP,Toronto Centre,bfchangTO,bfchangTO,2848,2215
Eric Chaurette,NDP,Gatineau,EricChauretteNPD,,3104,1251
Yan Chen,NDP,Scarborough North,yanchenSN,YanChenNDP,5231,6628
Mark Cherrington,NDP,Edmonton Griesbach,MarkCherringtonNDP,NdpMark,3910,2250
Dana Chevalier,NDP,Lac-Saint-Louis,danandplacstlouis,,2787,2745
François Choquette,NDP,Drummond,FrancoisChoquetteNPD,F_Choquette,4990,664
Allison Cillis,NDP,Flamborough–Glanbrook,AllisonCillisFlamGlan,allisoncillis,6339,49
Hailey Clark,NDP,Regina--Wascana,,,1621,1963
Andrea Clark,NDP,Outremont,,,1110,974
Nikki Clarke,NDP,Mississauga–Malton,nikkiclarkendp,nikkiclarke2019,3479,2525
Melissa Coenraad,NDP,Kanata–Carleton,melissacoenraadNDP,MelissaCoenraad,290,2685
Laurel Collins,NDP,Victoria,CollinsLaurel,laurel_bc,343,1755
Stephen Crozier,NDP,South Surrey–White Rock,VoteCrozierNDP,VoteCrozier_NDP,3443,1123
Rémi-Jocelyn  Côté,NDP,Avignon–La Mitis–Matane–Matapédia,RemiJocelynNPD,,9632,1767
Don Davies,NDP,Vancouver Kingsway,DonDaviesNDP,DonDavies,9279,6268
Riani De Wet,NDP,Kitchener--Conestoga,,,6853,1794
Jaeden Dela Torre,NDP,Steveston--Richmond East,,,230,711
Peter Devita,NDP,Vaughan--Woodbridge,,,4164,2588
Kalden Dhatsenpa,NDP,Longueuil–Charles-LeMoyne,KaldenDhatsenpaNPD,KaldenNPD,3181,4880
Brian Dias,NDP,Whitby,,Dias4NDP,3397,3121
Barbara Doyle,NDP,Haliburton–Kawartha Lakes–Brock,BarbaraDoyleNDP,doylehklb,1857,3310
Matthew Dubois,NDP,West Nova,,,1501,36
Matthew  Dubé,NDP,Beloeil–Chambly,matthew.dube,MattDube,432,113
Larry Duchesne,NDP,Cumberland--Colchester,,,1136,16
Claude Dufour,NDP,Laurentides–Labelle,npd.laurentideslabelle,,2342,8735
Sharon Dunn,NDP,Egmont,,,2051,6968
Lenaee  Dupuis,NDP,Burlington,LenaeeDupuisNDP,,1159,2709
Pierre-Luc Dusseault,NDP,Sherbrooke,PLDusseault,PLDusseault,500,4579
Scott Duvall,NDP,Hamilton Mountain,scott.r.duvall,sduvall07,4793,1772
Melissa Edwards,NDP,Brampton North,MelissaEdwardsNDP,Melissa_NDP,7117,5610
Zahia  El Masri,NDP,Ahuntsic-Cartierville,ZahiaElMasriNPD,masrizahia,2418,106
Ali Faour,NDP,Marc-Aurèle-Fortin,AliFaour.NPD,,1054,261
Naiima  Farah,NDP,Etobicoke North,Naiima-Farah-for-Etobicoke-North-110690463638531,naiima_farah,33,141
Sarah Fatima,NDP,Mississauga Centre,,,391,2148
Laura Fuller,NDP,Sturgeon River--Parkland,,,4249,238
Miranda Gallo,NDP,Saint-Laurent,MirandaGalloNPD,,990,7297
Randall  Garrison,NDP,Esquimalt—Saanich—Sooke,RandallGarrisonPage,r_garrison,1508,1029
Noah Garver,NDP,Edmonton--Wetaskiwin,,,4525,36
Branko Gasperlin,NDP,Etobicoke–Lakeshore,BrankoGasperlinNDP,BrankoGasperlin,818,4054
Morgan  Gay,NDP,Ottawa South,,,5,5964
Leah Gazan,NDP,Winnipeg Centre,GazanforWinnipegCentre,leahgazan,3069,5904
Franklin Gertler,NDP,Notre-Dame-de-Grâce–Westmount,FranklinGertlerNDPNPD,franklingertler,176,2176
Stéphane Girard,NDP,Chicoutimi--Le Fjord,,,57,374
Denise  Giroux,NDP,Pontiac,DeniseGirouxNPD,,6870,353
Joan  Gottman,NDP,Salaberry–Suroît,,,1600,4317
Christina  Gower,NDP,Coquitlam–Port Coquitlam,,ChristinaGower4,3036,884
Matthew  Green,NDP,Hamilton Centre,,,5832,370
Bruce Griffin,NDP,Don Valley North,,,748,5560
Alain Guimond,NDP,Abitibi–Témiscamingue,AlainNPDAT,guimonda,3566,3154
Olivier Guérin,NDP,Richmond--Arthabaska,,,8590,3947
Joseph Hakizimana,NDP,Rivière-des-Mille-Îles,joseph.hakizimana.39566905,,2555,103
Scott Hamilton,NDP,Cambridge,,hamiltoncbridge,5448,3775
Yvonne  Hanson,NDP,Vancouver Granville,vancouvergranvillendp,YVR_Hanson,628,495
Cheryl  Hardcastle,NDP,Windsor–Tecumseh,CherylHardcastleNDP,chardcastlendp,8633,5541
Jack Harris,NDP,St. John's East,JackHarris_NDP-1629003820565505,jackharrisndp,7622,4769
Farina Hassan,NDP,Milton,,,943,1713
Holly Heffernan,NDP,Calgary Heritage,,,7120,909
Jessika  Hepburn,NDP,South Shore—St. Margaret's,jessikahepburn,,640,43
Kevin  Hua,NDP,Carleton,HuaForCarleton,HuaForCarleton,367,4093
Carol Hughes,NDP,Algoma—Manitoulin—Kapuskasing,Carol-Hughes-38326584416,carolhughesmp,2449,6817
Bruno Ibrahim El-Khoury,NDP,Pierrefonds--Dollard,,,3311,2859
Dustin Innes,NDP,Richmond Centre,,,3359,3124
Mae  J. Nam,NDP,Beaches–East York,maejnam,maejnam,1473,594
Aisha  Jahangir,NDP,Guelph,GuelphNewDemocrats,AishaForGuelph,6464,2330
Dan Janssen,NDP,Barrie-Springwater-Oro-Medonte,djanssenndp,iamdanj,1055,955
Melissa Jean-Baptiste Vajda,NDP,University–Rosedale,melissajeanbaptistevajda,MelissaVajda,1705,5437
Sylvie  Jetté,NDP,Brome–Missisquoi,sylviejettebromemissisquoi,,3738,832
Noel Joe,NDP,Coast of Bays—Central--Notre Dame,,,557,4566
Gord  Johns,NDP,Courtenay-Alberni,,,8076,1207
Georgina Jolibois,NDP,Desnethé—Missinippi—Churchill River,GeorginaJoliboisNDP,GeorginaNDP,615,6465
Eileen  Jones-Whyte,NDP,Renfrew—Nipissing—Pembroke,,,2711,7393
Peter Julian,NDP,New Westminster—Burnaby,MPPeterJulian,MPJulian,4739,6900
Jérémie Juneau,NDP,Louis-Hébert,JeremieJuneauNPD,JuneauNpd,1342,3697
Leah Kalsi,NDP,Willowdale,voteLeahKalsi,KalsiLeah,84,360
Navjit Kaur,NDP,Brampton West,navjitndp,navjitkaurndp,926,937
Mandeep Kaur,NDP,Brampton South,MandeepNDP,mandeepndp,1406,4961
Yvonne  Kelly,NDP,Newmarket–Aurora,,,902,377
Leigh  Kenny,NDP,Vancouver Quadra,VanQuadraNDP,ForNdp,45,454
Chamroeun Khuon,NDP,Bellechasse--Les Etchemins--Lévis,,,440,431
Adam  Kilner,NDP,Sarnia—Lambton,AdamKilnerNDP,AdamKilnerNDP,902,1108
Patrick King,NDP,Calgary Nose Hill,,,226,2528
Andriana Kocini,NDP,Alfred-Pellan,alfredpellan.ndp,,1944,6358
Geoff Krauter,NDP,Perth–Wellington,geoffkrauterNDP,PW_NewDemocrats,864,688
Evan  Krosney,NDP,Kildonan – St. Paul,EvanKrosneyMB,evankrosney,235,419
Justin Kulik,NDP,Kelowna–Lake Country,JustinMJKulik,JustinKulik,1054,2991
Jenny Kwan,NDP,Vancouver East,JennyKwanVanEast,JennyKwanBC,5005,5435
Kingsley Kwok,NDP,Scarborough–Rouge Park,KingsleyKwokNDP,KingsleyKwok,6215,1037
Konrad Lamour,NDP,Bourassa,,,381,1159
Hugo Latulippe,NDP,Montmagny–L'Islet–Kamouraska–Rivière-du-Loup,HugoLatulippe.NPD,LatulippeHugo,60,784
Jean-Paul Lapointe,NDP,Winnipeg South,,,641,8709
Min Sook Lee,NDP,Toronto—Danforth,VoteMinSook,minsooklee,847,4630
Justin Lemphers,NDP,Yukon,,lemphers_ndp,562,699
Shawna Lewkowitz,NDP,London West,ShawnaLewkowitzNDP,shawnalewk,79,3757
Laverne Lewqycky,NDP,Dauphin--Swan River--Neepawa,,,7542,2713
Nigel Logan,NDP,Edmonton Mill Woods,NigelLoganYEG,NigelLoganYEG,6440,58
Mallory MacDonald,NDP,Northumberland--Peterborough South,,,8187,1649
Betsy MacDonald,NDP,Central Nova,BetsyMacDonaldNDP,BetsyNDP,912,2751
Amanda  MacDonald,NDP,Vaudreuil—Soulanges,AmandaMacDonaldNDP,,7281,7325
Laurel  MacDowell,NDP,Don Valley West,DVWelection19,Isefty,5058,3246
Angella  MacEwen,NDP,Ottawa West—Nepean,Angella4OWN,AMacEwen,3176,379
Alistair  MacGregor,NDP,Cowichan-Malahat-Langford,,,5602,58
Nimâ Machouf,NDP,Laurier–Sainte-Marie,nimamachoufNPD,nimamachoufnpd,124,163
Luke MacLaren,NDP,Moncton–Riverview–Dieppe,LukeMacLarenNDP,lukemaclarenndp,3123,3750
Lynn MacWilliam,NDP,Bow River,,,2315,995
Beth Mairs,NDP,Sudbury,Beth4Sudbury,NDPBeth4Sudbury,568,2712
Konstantine Malakos,NDP,Glengarry—Prescott—Russell,Kmalakos,kmalakos,1508,4121
Shokat Malik,NDP,Ajax,,,107,2596
Yousaf  Malik,NDP,Hamilton West—Ancaster—Dundas,YousafMalikNDP,YousafMalikNDP,834,5120
Kyle  Mason,NDP,Winnipeg North,KyleMasonForWpgNorth,kyleforwpgnorth,3253,8704
Brian Masse,NDP,Windsor West,brianmasse4ww,BrianMasseMP,7554,2399
Naomie Mathieu Chauvette,NDP,Compton–Stanstead,NaomieNPD,,3888,1766
Lindsay Mathyssen,NDP,London—Fanshawe,LindsayMathyssenNDP,lmathys,1688,94
Ilona Matthews,NDP,Simcoe--Grey,,,3714,3433
Sara  McCleary,NDP,Sault Ste. Marie,SaraMcClearyNDP,saramcclearyndp,1046,2864
Colleen McCool,NDP,Manicouagan,,,108,1607
Keith McCrady,NDP,Scarborough Southwest,keithmccradyTO,KeithMcCradyTO,1582,121
Jodi McDavid,NDP,Sydney–Victoria,McDavidSydneyVictoria,,7553,7639
Jessa  McLean,NDP,York--Simcoe,,,8686,163
Heather McPherson,NDP,Edmonton Strathcona,HeatherMcPhersonNDP,HeatherMNow,924,2649
Tony McQuail,NDP,Huron--Bruce,,,113,312
Heather McQuillan,NDP,Chilliwack--Hope,,,4909,574
Sean McQuillan,NDP,Vancouver South,,,187,2879
Lynn McWilliams,NDP,Bow River,,,5152,1410
Stéphanie  Mercier,NDP,Ottawa—Vanier,StephanieMercierOttawaVanier,stephmercierndp,4204,202
Nick  Milanovic,NDP,Hamilton East Stoney Creek,nickemilanovic,nickemilanovic,1001,581
Andrew Moraga,NDP,Kitchener Centre,a.moraga.ndp,andrew_moraga,5388,601
Lori Morrison,NDP,Dorval–Lachine–LaSalle,lorimorrisondorvallachinelasalle,,4744,219
Alok Mukherjee,NDP,Toronto–St. Paul's,,,900,586
Doug Mullin,NDP,New Brunswick Southwest,,,2096,2117
Alexandra  Nash,NDP,Eglinton–Lawrence,,_AlexNash,2876,1887
Craig Nash,NDP,Malpeque,,,1503,1446
Michael Nenn,NDP,Mission–Matsqui–Fraser Canyon,,,7822,8836
Emma Norton,NDP,Dartmouth—Cole Harbour,EmmaForDartmouthColeHarbour,EmmaNorton4DCH,2036,1661
Annie  Ohana,NDP,Fleetwood–Port Kells,,,14,668
Noémia Onofre De Lima,NDP,Laval–Les Îles,,,174,2399
Breen Ouellette,NDP,Vancouver Centre,,,1083,1501
Shailene Panylo,NDP,Oshawa,NDPanylo,shailenepanylo,1263,3299
Stef  Paquette,NDP,Nickel Belt,,,3725,821
Christine Paré,NDP,Papineau,christinepare2019,Christine_NDP,132,3550
Jigar Patel,NDP,Regina–Lewvan,jigarpatelndp,,4187,142
Jean Paul LaPointe,NDP,Winnipeg South,,,3430,7644
Marcella Pedersen,NDP,Battlefords—Lloydminster,MarcellaPedersenNDP,,6211,79
Trevor Peterson,NDP,Cypress Hills--Grasslands,,,5906,2423
Chu Anh Pham,NDP,Honoré-Mercier,Chu-Anh-PHAM-109072433765242,ChuAnhPham,5295,7617
Joan  Phillip,NDP,Central Okanagan–Similkameen–Nicola,JoanPhillipNDP,NdpJoan,6169,618
Holly Pike,NDP,Long Range Mountains,,,1231,1653
Joe Pimlott,NDP,Calgary Forest Lawn,,,150,1993
Raymonde  Plamondon,NDP,Shefford,,,3189,5351
Dirka Prout,NDP,London North Centre,DirkaProut,DirkaProut,913,584
Ève Péclet,NDP,La Pointe-de-l'Île,eve.pecletnpd,,1156,2436
Mumilaq Qaqqaq,NDP,Nunavut,,,7401,1069
Daniel Racine,NDP,Portneuf--Jacques-Cartier,,,3641,8713
Wasai Rahimi,NDP,Kitchener South–Hespeler,Rahimi.Wasai,WasaiRahimi,2507,1954
Nameer  Rahman,NDP,Niagara West,,,3024,571
Tracey Ramsey,NDP,Essex,TraceyRamseyNDP,traceyram,173,324
Audrey Redman,NDP,Edmonton Riverbend,,,1734,2981
Talon Regent,NDP,Moose Jaw–Lake Centre–Lanigan,regentforparliament,,1629,1245
Erika Ritchie,NDP,Saskatoon–Grasswood,erika.s.ritchie,,457,2087
Svend  Robinson,NDP,Burnaby North-Seymour,,,4758,7776
Jacline Rouleau,NDP,Abitibi–Baie-James–Nunavik–Eeyou,jacline.rouleau,,277,290
Catheryn  Roy-Goyette,NDP,Hochelaga,CathRoyGoyette,roy_goyette,715,7452
Paul Sabhaz,NDP,Markham--Thornhill,,,5090,3258
Anne-Marie Saint-Germain,NDP,Mirabel,,,1780,3874
Harwinder  Sandhu,NDP,North Okanagan-Shuswap,HarwinderSandhu2019,,3420,2937
Brigitte Sansoucy,NDP,Saint-Hyacinthe–Bagot,brigitte.sansoucy.npd,bsansoucynpd,3335,1940
Heather  Sapergia,NDP,Cariboo–Prince George,Sapergia4MP,Sapergia4MP,1498,868
Sarjit  Saran,NDP,Surrey Centre,sarj.saran,SaranSarjit,518,1596
Christine Saulnier,NDP,Halifax,ChristineSaulnierNDP,cmysaul,6374,1350
Madeleine Sauvé,NDP,Abbotsford,AbbotsfordNDP,MadeleineSauve,1966,119
Sabrina  Sawyer,NDP,Brantford—Brant,sabrinasawyerndp,SabrinaHSawyer1,63,7151
Kelsey Catherine  Schmitz,NDP,Stormont–Dundas–South Glengarry,KelseyCatherineSchmitzNDP,KelseyNdp,5232,0
Stephen Schneider,NDP,Kings—Hants,StephenSchneiderNDP,NDPStephen,60,1707
Djaouida Sellah,NDP,Montarville,djaouida.sellah.52,,376,1362
Candace  Shaw,NDP,Peterborough-Kawartha,CandaceShawNDP,candaceshawNDP,393,4917
Elizabeth Shearer,NDP,Winnipeg South Centre,,,8,832
Jagmeet Singh,NDP,Burnaby South,jagmeetndp,theJagmeetSingh,2481,5609
Sabina  Singh,NDP,Saanich–Gulf Islands,singhSGINDP,Sabina4SGI,456,5684
Saranjit Singh,NDP,Brampton East,saranjitsinghndp,SaranjitSingh_,3203,5652
Gurmit Singh Bhachu,NDP,Calgary Midnapore,,,101,2138
Gurinder Singh Gill,NDP,Calgary Skyview,gurindersinghgill.ndp,,59,1459
Harjit  Singh Gill,NDP,Surrey-Newton,harjitsinghgillndp,,69,2953
Robert Smith,NDP,Selkirk–Interlake–Eastman,,,7,2056
David Smith,NDP,Calgary Shepard,,,2489,2868
Michelle Spencer,NDP,Scarborough—Guildwood,mspencerbahons,mspencerbahons,887,2731
Ken  St.George,NDP,Charleswood–St. James–Assiniboia–Headingley,KennyforMP,KenStG4MP,60,2244
Chris  Stephen,NDP,Bruce-Grey-Owen Sound,,,5332,6130
Wayne Stetski,NDP,Kootenay—Columbia,StetskiNDP,WayneStetski,6577,3500
Patrick Steuber,NDP,Edmonton West,,SteuberPatrick,4022,2724
Matt Stickland,NDP,Sackville—Preston—Chezzetcook,landofsticks,LandOfSticks,2786,171
Laurie Suitor,NDP,Cape Breton--Canso,,,1879,2346
Katherine Swampy,NDP,Edmonton Centre,katherineswampyndp,KSwampyNDP,4239,1768
Tom Takacs,NDP,Mississauga East--Cooksville,,,265,2561
Emilie Taman,NDP,Ottawa Centre,EmilieTamanNDP,EmilieTaman,1268,1068
Michelle  Taylor,NDP,Leeds–Grenville–Thousand Islands and Rideau Lakes,MichelleTaylorNDP,M_TaylorNDP,5581,5870
Paul  Taylor,NDP,Parkdale—High Park,PaulTaylorNDP,paultaylorndp,9004,2954
Yafet  Tewelde,NDP,York South—Weston,,,4508,2396
Aidan Theroux,NDP,Sherwood Park–Fort Saskatchewan,AidanTherouxSherwoodParkFortSask,,3471,7228
Nicolas Thibodeau,NDP,Hull–Aylmer,NicolasNPD,,2058,1232
Lynne Thiele,NDP,Cardigan,,,1101,3967
Sophie Thiébaut,NDP,Ville-Marie–Le Sud-Ouest–Île-des-Sœurs,sophiethiebautnpd,,653,4777
Nicholas Thompson,NDP,Don Valley East,meetnicholasthompson,meetnicholas,3600,4059
Elizabeth Thomson,NDP,Medicine Hat--Cardston--Warner,,,290,1232
James Tolan,NDP,Fundy Royal,jtndpfundyroyal,,4480,4356
David Tough,NDP,Hastings--Lennox and Addington,,,263,516
Karine  Trudel,NDP,Jonquière,Karine.Trudel.NPD,trudel_karine,4221,729
Rudy Turtle,NDP,Kenora,RudyTurtleNDP,,333,7433
Dennis  Van Meer,NDP,St. Catharines,StCatharinesFedNDP,scfndp,764,4072
Heather Vickers-Wong,NDP,Etobicoke Centre,,,106,33
Lourdes Victoria Hernandes Garcia,NDP,La Prairie,,,2357,8461
Andrea Vásquez Jiménez,NDP,York Centre,Andrea4YorkCentre,andreavasquezj,583,493
Stacey Wakelin,NDP,Langley–Aldergrove,VOTESTACEYWAKELIN,staceywakelin,2254,249
Barrington  Walker,NDP,Kingston and the Islands,WalkerNDP,WalkerNDP,664,8528
Tony Walsh,NDP,Chatham-Kent–Leamington,TonyWalshNDP,TonyWalshNDP,674,3410
Sarah  Whalen-Wright,NDP,Durham,WhalenWrightNDP,DurhamNDP,724,1385
Jacqui  Wiens,NDP,Orléans,jacqueline.wiens.4,,185,641
Jacob Wilson,NDP,Halifax West,jacobwilson4hfxwest,jacobewilson,2658,3469
Yuk-Sem Won,NDP,Thunder Bay—Rainy River,yuksemwonNDP,,1152,740
Diana  Yoon,NDP,Spadina–Fort York,dianadyoon,DianaDYoon,1216,3363
Tom  Young,NDP,Parry Sound–Muskoka,,,4491,5028
Bonita Zarrillo,NDP,Port Moody–Coquitlam,BonitaZarrilloNDP,bonitazarrillo,1032,1317
Sylvie Bérubé,Bloc Quebecois,ABITIBI-BAIE-JAMES-NUNAVIK-EEYOU,sylvieberubeblocquebecoisABNE,,5978,7117
Sébastien Lemire,Bloc Quebecois,ABITIBI-TEMISCAMINGUE,seblemireAT,seblemire,1163,703
André Parizeau,Bloc Quebecois,AHUNTSIC-CARTIERVILLE,,,3173,289
Michel Lachance,Bloc Quebecois,ALFRED-PELLAN,,,3549,44
Yves Destroismaisons,Bloc Quebecois,ARGENTEUIL-LA PETITE-NATION,YvesDestroismaisonsBlocQC,YvesDtmBQ,4754,1825
Kristina Michaud,Bloc Quebecois,AVIGNON-LA MITIS-MATANE-MATAPEDIA,kristinamichaud.bq,krimichaud,3455,2449
Guillaume Rodrigue,Bloc Quebecois,BEAUCE,,,2930,338
Caroline Desbiens,Bloc Quebecois,BEAUPORT-CÔTE-DE-BEAUPRE-ILE D'ORLEANS-CHARLEVOIX,carolinedesbiensbq,,993,3626
Julie Vignola,Bloc Quebecois,BEAUPORT-LIMOILOU,JulieVignolaBlocQuebecois,JulieVignolaBQ,2437,2138
Louis Plamondon,Bloc Quebecois,BÉCANCOUR-NICOLET-SAUREL,Louis.Plamondon.depute,,5282,230
Sébastien Bouchard-Théberge,Bloc Quebecois,BELLECHASSE-THE ETCHEMINS-LÉVIS,sebouchardT,Sebouchard,1404,1920
Yves-François Blanchet,Bloc Quebecois,BELOEIL CHAMBLY,Yves-François-Blanchet-Bloc-québécois-364797800592456,yfblanchet,1344,1144
Yves Perron,Bloc Quebecois,BERTHIER-MASKINONGÉ,yvesperron.blocquebecois,yvesperronbq,5114,5022
Anne-Marie Lavoie,Bloc Quebecois,BOURASSA,,,1126,2494
Monique Allard,Bloc Quebecois,BROME-MISSISQUOI,,,282,2830
Marie-Claude Diotte,Bloc Quebecois,BROSSARD-SAINT-LAMBERT,,,1590,97
Alain D'Eer,Bloc Quebecois,CHARLESBOURG-HAUTE-SAINT-CHARLES,Alain-DEer-Bloc-Québécois-Charlesbourg-Haute-Saint-Charles-410311609826960,AlainDeer,2632,4047
Claudia Valdivia,Bloc Quebecois,CHÂTEAUGUAY-LACOLLE,claudia.valdivia.2019,,1764,955
Valérie Tremblay,Bloc Quebecois,CHICOUTIMI-THE FJORD,ValerieTremblayBQ,ValTremblay_Sag,297,3303
David Benoît,Bloc Quebecois,COMPTON-STANSTEAD,David-Benoit-Pour-Compton-Stanstead-301712770751787,,7768,854
Jean-Frédéric Vaudry,Bloc Quebecois,DORVAL-LACHINE-LASALLE,Jean-Frédéric-Vaudry-Candidat-du-BQ-dans-Dorval-Lachine-LaSalle-356756791200342,blaze_3191,236,3902
Martin Champoux,Bloc Quebecois,DRUMMOND,martin.champoux,martchampoux,3362,938
Guy Bernatchez,Bloc Quebecois,GASPÉSIE-ÎLES-DE-LA-MADELEINE,GuyBernatchezBlocQc,,2673,1802
Genevieve Nadeau,Bloc Quebecois,GATINEAU,,GeNadeauBQ,2492,6060
Simon Marchand,Bloc Quebecois,HOCHELAGA,simonmarchandhochelaga,Simon_Marchand,2866,442
Jacques Binette,Bloc Quebecois,MERCIER,,,162,1062
Joanie Riopel,Bloc Quebecois,HULL-AYLMER,Joanie-Riopel-Candidate-du-Bloc-québécois-dHull-Aylmer-107719817280357,,821,1959
Gabriel Ste-Marie,Bloc Quebecois,JOLIETTE,gabrielsmarie,Gabriel_SMarie,2101,322
Mario Simard,Bloc Quebecois,JONQUIÈRE,mario.simard.bq,mario_simard,774,1518
Mario Beaulieu,Bloc Quebecois,POINTE-DE-L'ÎLE,mariobeaulieu101,Mario_Beaulieu,4692,4127
Alain Therrien,Bloc Quebecois,LA PRAIRIE,AlainTherrienLaPrairie,,3107,801
Alexis Brunelle-Duceppe,Bloc Quebecois,LAC-SAINT-JEAN,Alduceppe,Alduceppe,2975,573
Julie Benoît,Bloc Quebecois,LAC-SAINT-LOUIS,,,3860,99
Isabel Dion,Bloc Quebecois,LASALLE-ÉMARD-VERDUN,IsabelDionBlocQuebecois,,1784,828
Marie-Hélène Gaudreau,Bloc Quebecois,LAURENTIDES-LABELLE,MHGaudreauBQ,HeleneGaudreau,132,3048
Michel Duchesne,Bloc Quebecois,LAURIER-SAINTE-MARIE,Michel-Duchesne-596009750864123,MichelDuchesne8,6559,1476
Nacera Bedad,Bloc Quebecois,LAVAL-THE ISLANDS,nacerapqchomedey,,4136,144
François-Noël Brault,Bloc Quebecois,LÉVIS-LOTBINIÈRE,francoisnoelbrault,,3201,707
Cathy Lepage,Bloc Quebecois,LONGUEUIL CHARLES-LEMOYNE,cathylepagelongueuil,,2491,2315
Denis Trudel,Bloc Quebecois,LONGUEUIL-SAINT-HUBERT,DenisTrudel2019,trudel_denis,123,323
Christian Hébert,Bloc Quebecois,LOUIS-HÉBERT,ChristianHebertQc,CHebertQc,3971,287
Jeanne-Paule Desgagnés,Bloc Quebecois,LOUIS-SAINT-LAURENT,,,426,64
Marilène Gill,Bloc Quebecois,MANICOUAGAN,marilenegill.blocquebecois,GillMarilene,1953,2087
Lizabel Nitoi,Bloc Quebecois,MARC-AURÈLE-FORTIN,LizabelNitoiBQ,,1345,3890
Simon Marcil,Bloc Quebecois,MIRABEL,simon.marcil,SimonMarcilQc,1270,8569
Xavier Lévesque,Bloc Quebecois,MONT ROYAL,Xavier-Lévesque-pour-Mont-Royal-101689214558302,,1450,4311
Stéphane Bergeron,Bloc Quebecois,MONTARVILLE,StephaneBergeronMontarville,sbergeron,5683,6739
Luc Thériault,Bloc Quebecois,MONTCALM,LucTheriault.bq,luctheriaultbq,134,2796
Louis Gagnon,Bloc Quebecois,MONTMAGNY-L'ISLET-KAMOURASKA-RIVIÈRE-DU-LOUP,LouisGagnon.BQ,Louis_Gagnon_BQ,2129,2119
Jennifer Jetté,Bloc Quebecois,NOTRE-DAME-DE-GRÂCE-WESTMOUNT,,,7997,1755
Célia Grimard,Bloc Quebecois,OUTREMONT,celiagrimardBlocOutremont2019,,1007,2507
Xavier Barsalou-Duval,Bloc Quebecois,PIERRE-BOUCHER-THE PATRIOTS-VERCHÈRES,xavierbarsalouduval,XavierBarsalouD,382,5617
Edline Henri,Bloc Quebecois,PIERREFONDS-DOLLARD,,,5732,1238
Jonathan Carreiro-Benoît,Bloc Quebecois,PONTIAC,JoCBQc,,2355,1156
Mathieu Bonsaint,Bloc Quebecois,PORTNEUF-JACQUES-CARTIER,,,656,1870
Christiane Gagnon,Bloc Quebecois,QUEBEC,Christiane-Gagnon-Bloc-Québécois-1309262349222721,,1919,5833
Monique Pauzé,Bloc Quebecois,REPENTIGNY,monique.pauze1,m_pauze,1797,1339
Olivier Nolin,Bloc Quebecois,RICHMOND-ARTHABASKA,olivier.nolin,,687,1616
Maxime Blanchette-Joncas,Bloc Quebecois,RIMOUSKI-NEIGETTE-TEMISCOUATA-LES BASQUES,MaximeBlanchetteJoncas.bq,blanchettemax,1017,211
Luc Desilets,Bloc Quebecois,RIVIÈRE-DES-MILLE-ÎLES,,,1695,3330
Rhéal Fortin,Bloc Quebecois,RIVIÈRE-DU-NORD,Rhéal-Fortin-député-de-Rivière-du-Nord-566791310126350,RhealFortin,113,76
Claude André,Bloc Quebecois,ROSEMONT-LA PETITE-PATRIE,Claude-André-pour-Rosemont-La-Petite-Patrie-1454945678148169,Claud_Andre,3460,1218
Simon-Pierre Savard-Tremblay,Bloc Quebecois,SAINT-HYACINTHE-BAGOT,SPSTremblay,SPSTremblay,4203,4423
Christine Normandin,Bloc Quebecois,SAINT JEAN,christine.normandin.73,ChristineNorm,3296,370
Thérèse Miljours,Bloc Quebecois,SAINT LAURENT,,,193,1218
Dominique Mougin,Bloc Quebecois,SAINT-LÉONARD-SAINT-MICHEL,,,3177,2050
"Nicole
Morin",Bloc Quebecois,SAINT-MAURICE-CHAMPLAIN,,,2232,1139
"Claude
DeBellefeuille",Bloc Quebecois,SALABERRY-SUROÎT,claudedebellefeuilleBQ,,2157,959
"Andréanne
Larouche",Bloc Quebecois,SHEFFORD,BlocQcShefford,,4516,1454
"Claude
Forgues",Bloc Quebecois,SHERBROOKE,Forgues.Claude,,5145,1431
"Michel
Boudrias",Bloc Quebecois,TERREBONNE,michelboudrias101,boudrias2015,3469,3144
"Louise
Chabot",Bloc Quebecois,THÉRÈSE-DE BLAINVILLE,,,2806,1353
"Louise
Charbonneau",Bloc Quebecois,TROIS-RIVIÈRES,,,7,2697
"Noémie
Rouillard",Bloc Quebecois,VAUDREUIL-SOULANGES,,,5610,2223
"Nadia
Bourque",Bloc Quebecois,VILLE-MARIE-SOUTH-WEST-ÎLE-DES-SŒURS,,,576,4179
"Claire-Emmanuelle
Beaulieu",Bloc Quebecois,VIMY,Claire-Emmanuelle-Beaulieu-Bloc-Québécois-Candidate-de-Vimy-2277509385911567,,1646,4123